temperature,humidity,soil_moisture,rain,season_encoded,variety
27.2,89.3,79.3,0,0,Samba_BG300
26.1,77.3,52.3,1,0,Samba_BG300
28.2,89.2,50.8,1,0,Samba_BG300
28.3,74.2,57.3,0,0,Samba_BG300
25.4,85.5,67.3,0,0,Samba_BG300
28.9,67.8,31.7,1,0,Samba_BG300
27.7,85.7,58.0,0,0,Samba_BG300
28.6,70.9,74.3,0,0,Samba_BG300
26.5,84.0,88.6,1,0,Samba_BG300
30.1,62.0,47.4,1,0,Samba_BG300
27.9,69.9,51.4,1,0,Samba_BG300
28.8,73.3,62.5,0,0,Samba_BG300
28.4,68.7,88.8,1,0,Samba_BG300
31.5,82.9,73.9,1,0,Samba_BG300
27.5,72.9,51.8,0,0,Samba_BG300
28.7,69.1,83.1,0,0,Samba_BG300
29.0,78.1,55.6,1,0,Samba_BG300
25.5,89.7,50.9,0,0,Samba_BG300
25.0,81.3,48.3,1,0,Samba_BG300
33.2,61.5,64.3,0,0,Samba_BG300
32.9,77.5,63.2,0,0,Samba_BG300
22.8,76.5,49.2,1,0,Samba_BG300
31.1,74.4,24.8,1,0,Red Rice
28.3,86.2,80.8,0,0,Samba_BG300
27.7,83.6,51.0,0,0,Samba_BG300
24.3,77.7,62.6,0,0,Samba_BG300
31.3,70.0,66.4,1,0,Samba_BG300
25.8,66.5,61.6,0,0,Samba_BG300
30.6,87.1,75.3,1,0,Samba_BG300
30.6,77.8,85.7,0,0,Samba_BG300
29.7,92.9,62.7,0,0,Samba_BG300
22.3,78.5,82.7,1,0,Samba_BG300
23.1,85.2,66.7,0,0,Samba_BG300
25.0,71.8,87.7,0,0,Samba_BG300
28.1,84.1,64.5,1,0,Samba_BG300
30.8,75.0,69.9,0,0,Samba_BG300
28.0,65.7,74.4,0,0,Samba_BG300
28.4,65.6,56.3,0,0,Samba_BG300
28.0,69.8,89.4,0,0,Samba_BG300
31.7,75.2,59.5,1,0,Samba_BG300
26.9,77.6,75.3,0,0,Samba_BG300
24.7,81.7,62.8,0,0,Samba_BG300
27.2,78.9,77.1,0,0,Samba_BG300
29.6,68.4,75.8,0,0,Samba_BG300
31.8,75.8,87.5,0,0,Samba_BG300
27.4,72.3,57.0,1,0,Samba_BG300
27.1,78.2,52.7,1,0,Samba_BG300
31.2,64.8,53.7,1,0,Samba_BG300
33.2,77.7,63.6,0,0,Samba_BG300
26.5,87.9,85.5,1,0,Samba_BG300
29.1,66.7,56.5,1,0,Samba_BG300
27.2,75.2,54.1,0,0,Samba_BG300
24.0,78.2,71.9,0,0,Samba_BG300
29.2,69.5,78.5,0,0,Samba_BG300
27.0,86.2,76.0,1,0,Samba_BG300
29.6,83.5,53.7,0,0,Samba_BG300
25.9,79.9,88.9,0,0,Samba_BG300
28.9,82.6,81.8,0,0,Samba_BG300
27.6,84.9,57.8,1,0,Samba_BG300
26.2,65.5,45.8,0,0,Samba_BG300
30.6,89.1,86.6,0,0,Samba_BG300
25.1,88.6,67.1,1,0,Samba_BG300
32.7,82.1,61.8,0,0,Samba_BG300
34.0,66.3,26.8,1,0,Red Rice
33.6,73.9,72.8,0,0,Samba_BG300
31.3,79.8,55.6,0,0,Samba_BG300
31.0,79.8,77.9,1,0,Samba_BG300
26.9,70.9,82.4,1,0,Samba_BG300
32.2,83.7,70.5,0,0,Samba_BG300
31.6,74.7,78.1,1,0,Samba_BG300
33.2,75.1,65.0,0,0,Samba_BG300
29.0,70.7,38.6,1,0,Samba_BG300
27.3,76.8,21.2,0,0,Red Rice
33.6,67.2,55.1,0,0,Samba_BG300
32.2,69.3,74.9,0,0,Samba_BG300
20.5,80.6,71.6,0,0,Samba_BG300
29.8,84.5,70.7,0,0,Samba_BG300
28.6,80.4,67.6,0,0,Samba_BG300
24.2,94.3,83.4,0,0,Samba_BG300
27.3,68.5,26.3,0,0,Red Rice
28.3,85.7,76.4,0,0,Samba_BG300
31.7,86.1,72.2,0,0,Samba_BG300
26.9,80.0,64.2,1,0,Samba_BG300
25.1,72.3,51.8,0,0,Samba_BG300
30.1,84.1,69.0,0,0,Samba_BG300
26.4,84.5,56.9,0,0,Samba_BG300
26.8,87.3,75.4,0,0,Samba_BG300
27.6,82.5,40.1,1,0,Samba_BG300
30.3,68.3,22.8,1,0,Red Rice
20.3,81.7,87.6,0,0,Samba_BG300
26.1,87.9,68.3,0,0,Samba_BG300
31.5,72.7,58.4,1,0,Samba_BG300
21.8,71.4,24.0,0,0,Red Rice
24.8,78.7,22.8,1,0,Red Rice
33.9,60.5,52.6,0,0,Samba_BG300
24.9,78.9,45.2,1,0,Samba_BG300
32.1,76.1,31.3,0,0,Samba_BG300
30.0,81.1,59.6,1,0,Samba_BG300
29.6,75.5,33.6,1,0,Samba_BG300
33.9,68.6,50.0,1,0,Samba_BG300
26.8,83.1,70.2,1,0,Samba_BG300
29.2,83.4,35.6,0,0,Samba_BG300
32.4,71.4,32.8,1,0,Samba_BG300
32.7,73.6,75.3,0,0,Samba_BG300
28.1,71.6,46.9,1,0,Samba_BG300
30.3,80.8,53.6,0,0,Samba_BG300
24.5,76.0,67.7,1,0,Samba_BG300
26.8,67.3,25.7,1,0,Red Rice
28.7,76.5,53.4,1,0,Samba_BG300
25.5,87.3,78.2,0,0,Samba_BG300
24.6,94.7,65.0,0,0,Samba_BG300
28.1,88.9,89.4,1,0,Samba_BG300
26.0,76.7,81.1,0,0,Samba_BG300
27.4,83.1,24.4,1,0,Red Rice
25.1,79.4,52.3,0,0,Samba_BG300
25.7,83.0,79.8,0,0,Samba_BG300
32.7,72.5,61.4,1,0,Samba_BG300
29.6,79.3,20.5,1,0,Red Rice
27.3,77.8,71.1,1,0,Samba_BG300
27.5,71.1,88.8,0,0,Samba_BG300
29.0,78.9,68.2,0,0,Samba_BG300
28.7,83.0,51.8,0,0,Samba_BG300
32.7,83.4,38.2,1,0,Samba_BG300
27.9,67.8,68.5,0,0,Samba_BG300
31.1,71.2,89.0,1,0,Samba_BG300
29.9,80.7,32.4,1,0,Samba_BG300
30.5,68.3,56.4,1,0,Samba_BG300
34.6,74.5,74.5,0,0,Samba_BG300
33.5,82.3,51.8,0,0,Samba_BG300
23.4,86.2,89.5,0,0,Samba_BG300
28.8,72.6,88.8,1,0,Samba_BG300
28.9,84.4,66.6,0,0,Samba_BG300
24.4,92.3,82.5,1,0,Samba_BG300
32.0,76.1,80.8,1,0,Samba_BG300
30.1,78.7,68.0,0,0,Samba_BG300
31.7,84.1,59.1,0,0,Samba_BG300
28.3,82.2,54.5,0,0,Samba_BG300
25.2,85.4,70.8,1,0,Samba_BG300
27.4,86.2,85.1,0,0,Samba_BG300
25.1,65.6,50.2,1,0,Samba_BG300
29.2,74.3,55.5,0,0,Samba_BG300
27.1,81.8,65.7,0,0,Samba_BG300
32.3,72.0,70.6,1,0,Samba_BG300
30.8,72.4,54.5,1,0,Samba_BG300
28.0,78.5,69.7,0,0,Samba_BG300
30.2,79.6,39.7,1,0,Samba_BG300
29.1,69.8,23.0,0,0,Red Rice
25.0,68.0,55.6,0,0,Samba_BG300
28.1,75.2,55.9,1,0,Samba_BG300
30.7,67.6,57.7,0,0,Samba_BG300
28.2,74.2,57.1,0,0,Samba_BG300
25.8,79.2,28.3,1,0,Red Rice
29.0,78.8,51.6,1,0,Samba_BG300
32.0,61.6,84.9,1,0,Samba_BG300
26.5,70.5,82.2,1,0,Samba_BG300
21.7,74.2,64.8,0,0,Samba_BG300
28.9,72.4,38.5,1,0,Samba_BG300
23.3,80.0,78.5,1,0,Samba_BG300
27.6,85.6,54.3,0,0,Samba_BG300
28.3,69.8,60.8,0,0,Samba_BG300
24.2,71.4,58.5,0,0,Samba_BG300
25.0,82.8,73.7,0,0,Samba_BG300
29.7,82.5,53.5,0,0,Samba_BG300
29.1,86.2,67.3,0,0,Samba_BG300
26.0,82.3,75.8,0,0,Samba_BG300
23.6,89.7,74.2,0,0,Samba_BG300
23.8,78.1,59.8,0,0,Samba_BG300
25.5,70.7,26.9,1,0,Red Rice
25.5,80.5,66.4,1,0,Samba_BG300
25.7,78.0,88.8,1,0,Samba_BG300
31.7,70.2,56.8,0,0,Samba_BG300
34.5,71.1,42.9,0,0,Samba_BG300
32.4,63.7,62.9,0,0,Samba_BG300
30.6,64.8,24.6,1,0,Red Rice
26.3,76.6,26.2,1,0,Red Rice
28.3,66.0,33.5,0,0,Samba_BG300
27.4,84.8,32.9,1,0,Samba_BG300
27.8,75.2,50.4,1,0,Samba_BG300
30.3,76.2,64.0,1,0,Samba_BG300
30.8,89.3,25.0,1,0,Red Rice
32.5,68.6,22.7,1,0,Red Rice
31.6,76.8,25.6,1,0,Red Rice
27.6,68.3,56.6,1,0,Samba_BG300
26.0,80.5,64.4,1,0,Samba_BG300
27.1,81.3,37.6,1,0,Samba_BG300
26.2,81.0,79.9,0,0,Samba_BG300
25.6,93.0,65.4,0,0,Samba_BG300
31.3,77.5,24.7,1,0,Red Rice
28.8,80.0,55.6,1,0,Samba_BG300
29.3,83.0,85.8,1,0,Samba_BG300
25.1,81.2,59.9,1,0,Samba_BG300
20.3,81.4,80.5,1,0,Samba_BG300
25.7,91.4,54.4,1,0,Samba_BG300
25.0,72.9,51.9,0,0,Samba_BG300
26.4,84.4,78.8,0,0,Samba_BG300
29.2,80.9,60.1,0,0,Samba_BG300
27.3,83.2,73.3,0,0,Samba_BG300
31.2,78.9,26.1,1,0,Red Rice
30.5,72.2,20.7,1,0,Red Rice
33.5,71.3,47.9,1,0,Samba_BG300
29.7,68.1,43.1,1,0,Samba_BG300
27.4,79.7,57.4,1,0,Samba_BG300
29.7,71.7,59.4,1,0,Samba_BG300
26.9,78.8,54.8,1,0,Samba_BG300
31.1,76.0,22.2,1,0,Red Rice
30.6,70.1,33.3,1,0,Samba_BG300
29.3,83.4,33.9,1,0,Samba_BG300
32.9,69.0,29.0,1,0,Red Rice
27.1,68.5,39.9,1,0,Samba_BG300
28.2,77.2,43.2,1,0,Samba_BG300
24.1,78.3,27.1,1,0,Red Rice
24.0,83.3,53.4,1,0,Samba_BG300
27.5,86.9,52.7,1,0,Samba_BG300
25.7,83.0,28.2,0,0,Red Rice
25.2,82.1,72.6,0,0,Samba_BG300
30.4,81.8,71.0,0,0,Samba_BG300
26.8,86.2,56.2,0,0,Samba_BG300
28.6,88.9,64.9,0,0,Samba_BG300
28.2,83.2,51.0,0,0,Samba_BG300
29.7,78.2,21.1,0,0,Red Rice
26.4,83.4,50.8,0,0,Samba_BG300
29.8,73.6,76.1,0,0,Samba_BG300
26.7,69.9,78.9,1,0,Samba_BG300
33.8,67.9,46.7,0,0,Samba_BG300
29.1,77.9,20.5,0,0,Red Rice
28.5,60.5,27.3,1,0,Red Rice
27.4,82.9,52.7,1,0,Samba_BG300
26.1,72.6,43.6,0,0,Samba_BG300
30.7,76.1,42.1,1,0,Samba_BG300
28.1,79.2,50.5,0,0,Samba_BG300
33.1,77.3,85.8,1,0,Samba_BG300
28.0,70.4,30.7,1,0,Samba_BG300
30.1,70.2,25.6,1,0,Red Rice
34.9,70.5,26.9,0,0,Red Rice
26.1,83.3,54.7,0,0,Samba_BG300
22.5,81.1,46.1,1,0,Samba_BG300
25.7,65.2,55.5,1,0,Samba_BG300
29.1,86.9,74.0,0,0,Samba_BG300
25.2,93.3,66.8,0,0,Samba_BG300
28.2,65.9,56.7,1,0,Samba_BG300
24.7,77.1,59.8,0,0,Samba_BG300
26.3,72.1,48.8,0,0,Samba_BG300
28.4,82.1,76.5,1,0,Samba_BG300
30.1,78.2,51.2,0,0,Samba_BG300
28.2,76.0,69.9,0,0,Samba_BG300
23.3,85.4,54.3,0,0,Samba_BG300
28.8,84.9,77.5,0,0,Samba_BG300
26.0,81.4,52.0,1,0,Samba_BG300
26.6,81.8,64.4,0,0,Samba_BG300
30.5,72.7,88.0,0,0,Samba_BG300
27.3,75.8,84.9,1,0,Samba_BG300
33.6,73.2,47.7,1,0,Samba_BG300
28.7,69.8,28.8,1,0,Red Rice
33.6,60.8,48.2,1,0,Samba_BG300
25.4,76.4,56.6,0,0,Samba_BG300
29.6,70.9,57.0,1,0,Samba_BG300
32.7,77.1,54.5,1,0,Samba_BG300
28.2,77.4,51.5,0,0,Samba_BG300
28.6,71.8,53.1,0,0,Samba_BG300
27.4,84.5,22.6,1,0,Red Rice
29.3,80.8,32.8,1,0,Samba_BG300
34.1,72.3,29.3,0,0,Red Rice
33.0,65.4,85.0,0,0,Samba_BG300
28.5,86.0,59.9,1,0,Samba_BG300
30.1,73.0,39.2,1,0,Samba_BG300
29.1,94.7,80.7,0,0,Samba_BG300
26.9,89.8,59.6,0,0,Samba_BG300
26.8,70.7,61.9,0,0,Samba_BG300
24.3,65.4,89.5,0,0,Samba_BG300
27.1,78.6,28.7,1,0,Red Rice
29.7,76.3,66.7,1,0,Samba_BG300
31.6,82.0,74.5,0,0,Samba_BG300
30.9,79.6,87.7,0,0,Samba_BG300
28.6,80.3,59.2,0,0,Samba_BG300
26.3,73.7,81.2,0,0,Samba_BG300
23.4,94.4,85.4,1,0,Samba_BG300
31.0,78.5,65.8,1,0,Samba_BG300
29.9,73.1,52.6,0,0,Samba_BG300
26.8,75.7,43.7,1,0,Samba_BG300
20.9,87.5,60.6,0,0,Samba_BG300
30.1,94.1,84.5,1,0,Samba_BG300
29.2,76.0,23.5,1,0,Red Rice
23.4,75.2,48.9,1,0,Samba_BG300
24.6,69.4,47.3,0,0,Samba_BG300
34.0,69.9,39.2,1,0,Samba_BG300
30.6,72.0,47.1,1,0,Samba_BG300
28.9,77.6,51.9,1,0,Samba_BG300
30.8,82.3,48.3,1,0,Samba_BG300
31.9,73.6,44.7,1,0,Samba_BG300
28.3,77.6,84.9,0,0,Samba_BG300
32.6,67.6,63.4,1,0,Samba_BG300
28.1,82.3,53.3,1,0,Samba_BG300
27.0,74.3,44.7,1,0,Samba_BG300
30.4,68.9,75.4,0,0,Samba_BG300
31.5,67.1,50.4,1,0,Samba_BG300
31.7,71.8,75.3,1,0,Samba_BG300
24.8,83.7,77.5,0,0,Samba_BG300
26.4,79.2,22.7,1,0,Red Rice
27.1,84.3,51.8,1,1,White Rice
29.7,81.7,75.9,0,1,Nadu_BG360
24.5,91.4,64.9,1,1,Samba_BG352
26.8,78.9,60.9,1,1,Samba_BG352
23.8,92.1,71.1,1,1,Nadu_BG360
25.8,66.6,47.2,1,1,Red Rice
26.6,89.0,56.0,0,1,Samba_BG352
30.5,87.1,88.6,1,1,Keeri Samba
32.9,73.2,85.8,0,1,Keeri Samba
29.4,77.4,48.6,1,1,Red Rice
30.3,70.9,26.4,0,1,Red Rice
27.6,63.1,38.1,1,1,Samba_BG300
24.1,80.9,31.8,1,1,Samba_BG300
31.7,68.7,38.5,0,1,Red Rice
30.6,79.1,29.9,1,1,Red Rice
27.6,67.4,76.1,0,1,Nadu_BG366
32.6,74.7,38.2,0,1,Red Rice
25.5,77.8,39.2,1,1,Samba_BG300
27.3,78.9,54.4,1,1,White Rice
32.8,75.0,25.8,0,1,Red Rice
30.6,65.4,69.3,0,1,Samba_BG352
25.0,70.2,33.1,1,1,Samba_BG300
24.7,72.0,21.3,0,1,Red Rice
25.8,77.7,72.7,0,1,Nadu_BG366
29.8,75.8,76.8,1,1,Keeri Samba
29.7,65.6,87.4,0,1,Keeri Samba
29.7,82.4,78.6,1,1,Nadu_BG366
28.9,74.7,46.4,1,1,Red Rice
28.6,86.8,69.2,0,1,White Rice
30.1,76.2,52.4,0,1,Samba_BG352
27.4,87.3,63.2,0,1,Samba_BG352
21.8,85.8,76.3,0,1,Nadu_BG366
23.2,88.1,63.3,0,1,Samba_BG352
29.2,69.0,47.2,0,1,Red Rice
25.2,75.2,68.5,1,1,Samba_BG352
27.5,86.9,75.2,1,1,Nadu_BG366
32.9,65.8,84.7,0,1,Nadu_BG366
33.1,69.7,54.9,1,1,White Rice
31.6,79.8,61.4,0,1,Samba_BG352
31.4,72.6,79.3,0,1,Nadu_BG366
25.4,69.8,88.9,0,1,Keeri Samba
24.6,73.7,23.9,1,1,Red Rice
30.6,78.7,46.5,0,1,Red Rice
30.6,69.7,66.0,1,1,Samba_BG352
29.3,81.6,25.2,1,1,Red Rice
28.2,74.7,52.9,0,1,White Rice
28.6,78.4,55.8,0,1,White Rice
31.9,74.1,56.7,0,1,Samba_BG352
30.8,72.1,71.3,1,1,Nadu_BG360
27.8,74.1,24.5,0,1,Red Rice
24.5,75.6,87.5,0,1,Nadu_BG360
24.6,78.6,53.5,0,1,Samba_BG352
24.3,78.0,89.5,1,1,Nadu_BG360
24.1,71.5,88.9,0,1,Nadu_BG360
28.1,80.1,71.3,0,1,Nadu_BG366
27.2,85.6,58.1,0,1,White Rice
25.3,89.6,56.2,0,1,Samba_BG352
21.8,83.9,83.5,1,1,Nadu_BG366
23.1,79.9,83.2,1,1,Keeri Samba
24.2,83.6,47.6,1,1,Red Rice
26.3,83.2,65.8,0,1,White Rice
27.1,73.2,74.2,0,1,Keeri Samba
28.8,82.4,81.3,0,1,Keeri Samba
28.8,73.0,50.6,1,1,Samba_BG352
32.7,75.2,81.9,0,1,Nadu_BG360
29.6,65.9,46.0,1,1,Red Rice
29.0,77.2,42.5,1,1,Red Rice
28.4,76.9,41.8,1,1,Red Rice
27.1,78.8,26.7,1,1,Red Rice
31.3,72.5,41.7,1,1,Red Rice
32.9,83.7,82.6,0,1,Keeri Samba
27.8,81.6,41.3,1,1,Red Rice
31.1,81.3,48.7,1,1,Red Rice
27.1,63.9,50.3,0,1,White Rice
33.6,78.1,65.2,0,1,Samba_BG352
23.2,72.0,39.4,0,1,Red Rice
26.3,71.1,52.1,1,1,White Rice
23.6,89.4,66.0,1,1,White Rice
24.9,78.6,77.2,0,1,Keeri Samba
25.5,70.9,81.7,0,1,Nadu_BG366
30.4,76.0,51.7,0,1,Samba_BG352
24.0,77.8,40.6,1,1,Red Rice
29.8,84.7,57.0,0,1,White Rice
31.3,80.3,59.5,1,1,White Rice
29.1,92.0,76.9,1,1,Nadu_BG360
26.2,79.0,73.5,0,1,Nadu_BG360
30.0,84.5,71.4,0,1,Keeri Samba
29.1,77.1,71.9,0,1,Nadu_BG366
28.8,71.2,55.7,0,1,Samba_BG352
29.2,78.1,67.1,1,1,Samba_BG352
26.1,71.8,82.7,0,1,Nadu_BG366
32.0,65.5,23.2,0,1,Red Rice
33.3,63.8,62.9,0,1,Samba_BG352
31.3,68.8,53.3,1,1,White Rice
25.9,75.8,55.2,1,1,White Rice
25.8,74.1,27.6,0,1,Red Rice
29.3,75.4,59.8,1,1,White Rice
26.4,73.4,88.3,0,1,Nadu_BG360
32.3,72.6,36.4,1,1,Samba_BG300
30.8,70.0,32.0,1,1,Samba_BG300
28.8,72.7,24.8,1,1,Red Rice
27.2,74.7,80.7,0,1,Nadu_BG366
30.2,77.5,53.6,1,1,Samba_BG352
25.5,80.1,56.4,0,1,White Rice
26.4,70.3,64.4,0,1,Samba_BG352
24.7,85.2,83.0,0,1,Nadu_BG366
28.2,85.3,86.8,0,1,Nadu_BG366
28.5,72.8,40.0,1,1,Red Rice
28.2,84.4,77.0,0,1,Nadu_BG366
30.6,86.9,62.2,0,1,Samba_BG352
24.2,78.1,58.9,1,1,White Rice
26.4,86.4,55.3,1,1,White Rice
27.9,77.8,85.9,1,1,Nadu_BG360
31.6,81.5,46.7,0,1,Red Rice
27.9,80.1,59.3,0,1,White Rice
30.8,78.6,62.5,0,1,White Rice
27.9,82.0,50.0,0,1,White Rice
32.6,63.0,22.5,1,1,Red Rice
30.2,61.2,59.8,0,1,White Rice
29.1,68.6,26.8,0,1,Red Rice
30.3,70.3,27.1,1,1,Red Rice
28.9,77.7,29.2,0,1,Red Rice
28.3,72.6,46.2,1,1,Red Rice
29.8,80.8,66.2,0,1,Samba_BG352
29.6,76.2,53.1,1,1,White Rice
31.7,75.0,55.4,0,1,White Rice
27.1,80.2,25.5,1,1,Red Rice
28.7,60.2,59.6,1,1,White Rice
24.5,65.9,64.9,0,1,Samba_BG352
24.1,86.9,23.9,1,1,Red Rice
25.2,71.5,49.5,1,1,Red Rice
25.6,82.9,68.4,1,1,Samba_BG352
24.9,77.0,76.3,1,1,Nadu_BG366
27.5,70.1,83.6,0,1,Keeri Samba
30.6,74.9,65.5,0,1,Samba_BG352
28.9,66.3,40.7,0,1,Red Rice
29.4,82.7,77.2,0,1,Keeri Samba
30.2,84.9,82.1,0,1,Keeri Samba
30.7,89.8,64.1,0,1,Samba_BG352
30.8,88.8,81.4,0,1,Nadu_BG366
25.6,83.2,80.6,0,1,Nadu_BG366
23.6,85.3,86.0,1,1,Keeri Samba
30.8,88.3,50.4,0,1,White Rice
30.4,82.9,41.2,0,1,Red Rice
32.7,81.0,31.7,1,1,Samba_BG300
26.0,81.6,79.9,1,1,Nadu_BG366
24.0,81.8,87.1,0,1,Keeri Samba
27.0,76.0,35.5,0,1,Red Rice
22.5,88.6,47.0,1,1,Red Rice
24.1,84.8,46.9,1,1,Red Rice
34.2,65.2,41.8,1,1,Red Rice
25.8,84.6,49.9,1,1,Red Rice
28.3,61.1,32.8,1,1,Samba_BG300
26.2,75.8,49.1,0,1,Red Rice
31.8,61.8,58.6,1,1,Samba_BG352
33.7,74.7,71.7,0,1,Nadu_BG360
28.4,76.3,77.6,1,1,Nadu_BG360
33.1,76.5,26.4,1,1,Red Rice
31.9,81.1,55.3,0,1,Samba_BG352
28.8,77.0,58.2,0,1,White Rice
31.7,77.3,77.5,0,1,Keeri Samba
28.4,65.1,80.4,0,1,Keeri Samba
24.1,80.0,80.3,0,1,Nadu_BG360
30.7,74.4,40.1,0,1,Red Rice
27.3,84.7,81.2,0,1,Nadu_BG366
27.7,81.2,77.8,0,1,Nadu_BG366
25.2,78.6,65.5,0,1,Samba_BG352
24.8,82.8,52.6,0,1,Samba_BG352
28.6,76.1,69.5,0,1,Samba_BG352
26.2,81.5,39.9,0,1,Red Rice
25.4,76.7,81.4,1,1,Nadu_BG360
30.0,80.4,64.9,0,1,Samba_BG352
29.0,66.8,58.8,0,1,Samba_BG352
33.4,74.7,32.0,0,1,Red Rice
31.5,69.9,27.1,1,1,Red Rice
33.9,74.9,49.6,1,1,Red Rice
25.6,76.3,59.2,0,1,Samba_BG352
24.2,81.6,30.9,1,1,Samba_BG300
28.8,84.1,30.4,1,1,Samba_BG300
32.1,77.6,27.4,1,1,Red Rice
30.2,77.2,25.3,0,1,Red Rice
30.1,79.9,37.5,1,1,Samba_BG300
31.1,68.2,44.4,0,1,Red Rice
33.0,73.1,58.3,0,1,White Rice
26.4,65.7,31.0,0,1,Red Rice
27.1,89.5,34.8,1,1,Samba_BG300
30.8,70.4,26.3,1,1,Red Rice
23.3,87.4,72.5,0,1,Nadu_BG366
26.9,81.9,86.0,0,1,Nadu_BG360
31.7,76.2,57.5,0,1,White Rice
30.3,77.5,39.8,1,1,Samba_BG300
25.9,85.9,57.6,0,1,Samba_BG352
31.8,84.1,64.0,0,1,White Rice
29.0,83.4,53.6,0,1,Samba_BG352
25.2,72.3,84.4,1,1,Keeri Samba
29.3,86.0,74.5,0,1,Nadu_BG366
27.9,68.3,57.8,1,1,White Rice
25.6,87.2,68.4,1,1,White Rice
25.4,80.3,82.3,0,1,Nadu_BG360
31.5,69.0,30.3,0,1,Red Rice
30.3,75.1,40.8,0,1,Red Rice
33.1,77.6,54.8,0,1,Samba_BG352
30.9,75.0,42.3,1,1,Red Rice
24.8,71.9,31.3,1,1,Samba_BG300
30.4,72.4,38.1,1,1,Samba_BG300
27.6,76.6,27.8,0,1,Red Rice
26.7,70.4,50.3,0,1,White Rice
32.6,75.9,56.6,1,1,White Rice
28.1,81.2,26.6,1,1,Red Rice
27.9,82.9,26.8,1,1,Red Rice
31.8,60.7,34.5,1,1,Samba_BG300
32.6,71.3,51.9,1,1,Samba_BG352
27.9,86.1,40.2,1,1,Red Rice
27.3,84.7,46.7,1,1,Red Rice
24.2,92.6,67.1,0,1,Samba_BG352
28.8,76.9,51.2,1,1,White Rice
24.6,79.6,27.5,1,1,Red Rice
29.9,83.1,78.4,0,1,Nadu_BG360
31.3,84.8,62.6,0,1,White Rice
29.8,81.7,57.0,1,1,White Rice
25.5,84.4,66.8,1,1,Samba_BG352
27.7,85.0,76.0,0,1,Nadu_BG366
28.2,91.1,83.7,0,1,Keeri Samba
24.9,88.5,63.0,0,1,White Rice
29.8,73.3,46.2,1,1,Red Rice
25.6,66.5,33.6,1,1,Samba_BG300
22.2,77.2,52.7,1,1,Samba_BG352
28.2,93.8,84.8,1,1,Nadu_BG360
24.5,83.0,46.0,1,1,Red Rice
20.0,73.4,35.6,1,1,Samba_BG300
25.8,72.6,25.2,1,1,Red Rice
33.6,69.6,20.7,1,1,Red Rice
24.2,84.3,25.1,1,1,Red Rice
33.8,76.5,48.0,1,1,Red Rice
31.9,77.4,42.4,1,1,Red Rice
30.7,72.7,38.0,0,1,Red Rice
28.0,61.4,60.5,0,1,Samba_BG352
29.8,71.0,73.9,0,1,Nadu_BG360
32.1,79.0,22.6,1,1,Red Rice
32.3,75.0,33.6,1,1,Samba_BG300
30.4,73.0,53.5,0,1,White Rice
30.1,84.9,54.2,1,1,Samba_BG352
26.0,69.4,69.5,1,1,Samba_BG352
31.3,78.4,83.2,1,1,Keeri Samba
24.2,78.9,23.3,1,1,Red Rice
27.8,77.1,63.6,0,1,White Rice
29.2,84.5,73.7,1,1,Nadu_BG360
27.6,77.1,65.4,0,1,White Rice
22.6,75.4,68.9,1,1,White Rice
28.1,76.4,60.2,0,1,White Rice
28.8,83.1,59.6,0,1,Samba_BG352
27.0,79.6,57.8,0,1,Samba_BG352
27.8,81.8,71.5,1,1,Keeri Samba
27.5,65.7,54.3,0,1,Samba_BG352
31.1,64.4,35.9,0,1,Red Rice
28.9,76.3,61.4,1,1,Samba_BG352
29.4,70.1,85.0,0,1,Nadu_BG360
24.4,74.0,87.2,0,1,Nadu_BG360
27.3,83.2,48.6,1,1,Red Rice
28.9,82.4,58.2,1,1,White Rice
32.0,65.0,78.7,1,1,Keeri Samba
31.2,80.3,24.6,1,1,Red Rice
28.2,77.4,54.8,0,1,White Rice
32.2,73.1,62.8,1,1,White Rice
32.3,73.6,64.5,0,1,White Rice
30.0,67.8,54.6,0,1,Samba_BG352
26.5,72.4,86.1,0,1,Nadu_BG366
25.1,65.2,66.9,0,1,Samba_BG352
23.6,83.0,86.4,1,1,Nadu_BG360
26.4,89.6,76.1,1,1,Nadu_BG366
30.8,73.1,53.1,0,1,White Rice
29.7,81.7,81.9,1,1,Nadu_BG360
30.3,76.5,85.6,0,1,Nadu_BG360
28.2,89.1,77.5,0,1,Keeri Samba
28.9,70.9,80.5,1,1,Nadu_BG360
25.2,82.9,75.5,0,1,Nadu_BG360
28.5,86.9,54.1,1,1,White Rice
26.6,79.4,89.5,0,1,Keeri Samba
26.0,79.7,21.1,1,1,Red Rice
32.7,72.7,21.6,0,1,Red Rice
23.9,73.2,50.9,1,1,Samba_BG352
26.9,77.6,83.4,0,1,Keeri Samba
27.8,73.9,59.8,1,1,Samba_BG352
22.6,89.2,35.6,1,1,Samba_BG300
26.7,75.8,26.2,1,1,Red Rice
31.8,75.2,53.3,1,1,White Rice
30.6,79.2,27.1,1,1,Red Rice
31.7,64.7,53.2,1,1,Samba_BG352
28.6,67.8,37.8,1,1,Samba_BG300
30.4,68.0,59.8,1,1,White Rice
29.6,75.9,68.5,1,1,White Rice
26.3,74.5,71.7,0,1,Nadu_BG360
33.4,80.8,41.3,1,1,Red Rice
27.8,81.9,25.0,1,1,Red Rice
27.9,78.2,87.8,0,1,Nadu_BG360
29.6,66.9,80.2,0,1,Nadu_BG360
27.0,70.7,58.1,1,1,Samba_BG352
28.8,83.4,64.5,1,1,Samba_BG352
31.8,73.2,53.1,1,1,White Rice
28.7,93.3,68.6,1,0,Samba_BG300
29.5,63.5,46.7,1,1,Red Rice
32.1,60.7,87.6,1,1,Nadu_BG366
26.8,66.4,34.3,1,1,Samba_BG300
25.2,78.4,42.0,0,1,Red Rice
28.7,76.0,72.8,0,0,Samba_BG300
34.8,76.3,78.8,1,0,Samba_BG300
25.7,93.2,87.3,1,0,Samba_BG300
25.2,68.1,29.3,1,1,Red Rice
30.0,61.2,82.7,0,1,Nadu_BG366
29.3,67.3,55.4,0,1,White Rice
29.5,73.8,84.1,1,0,Samba_BG300
25.9,66.9,13.6,1,1,Red Rice
32.5,78.9,56.9,1,1,White Rice
27.8,70.4,23.2,0,0,Red Rice
32.7,67.0,10.4,1,0,Red Rice
32.1,87.7,58.5,1,1,Samba_BG352
34.1,89.8,46.0,0,0,Samba_BG300
28.1,71.4,68.4,1,0,Samba_BG300
30.6,73.4,87.7,1,0,Samba_BG300
30.6,87.0,49.5,1,0,Samba_BG300
26.1,75.4,26.1,1,0,Red Rice
28.1,77.8,82.6,0,0,Samba_BG300
30.4,67.1,85.4,1,0,Samba_BG300
26.6,92.5,74.6,1,1,Nadu_BG366
33.8,71.4,19.8,1,1,Red Rice
26.1,68.0,44.2,1,0,Samba_BG300
28.0,65.8,52.7,1,0,Samba_BG300
26.2,71.8,85.4,1,1,Keeri Samba
29.0,62.3,30.3,0,0,Samba_BG300
30.0,70.5,32.8,0,0,Samba_BG300
34.8,74.4,12.6,1,0,Red Rice
27.4,65.1,49.2,1,1,Red Rice
30.9,62.8,39.6,0,1,Red Rice
28.7,82.1,60.7,1,1,White Rice
33.4,71.2,24.9,0,1,Red Rice
28.3,67.7,66.9,1,1,White Rice
26.0,92.9,41.8,1,1,Red Rice
26.4,71.9,19.1,1,1,Red Rice
32.0,68.0,24.0,1,1,Red Rice
30.3,68.5,17.4,1,0,Red Rice
33.8,66.6,32.3,1,1,Samba_BG300
34.0,91.0,72.4,1,0,Samba_BG300
34.4,87.5,63.5,1,1,White Rice
34.4,94.1,32.7,1,1,Samba_BG300
31.9,82.8,27.9,1,0,Red Rice
29.9,66.3,39.3,1,0,Samba_BG300
31.6,79.9,17.5,1,0,Red Rice
27.5,80.6,88.3,1,1,Nadu_BG360
29.3,72.3,61.6,1,0,Samba_BG300
27.0,85.3,32.5,0,0,Samba_BG300
25.4,94.8,47.6,0,1,Red Rice
28.7,60.5,84.3,1,0,Samba_BG300
30.7,94.3,16.0,1,1,Red Rice
33.5,71.1,23.6,1,0,Red Rice
33.4,92.6,15.6,0,0,Red Rice
34.9,64.9,51.5,1,0,Samba_BG300
33.5,64.8,66.7,1,1,Samba_BG352
29.2,69.0,58.9,0,0,Samba_BG300
30.0,87.9,62.0,1,1,White Rice
33.9,71.8,40.0,0,0,Samba_BG300
31.7,71.5,22.4,1,1,Red Rice
30.9,61.1,13.0,1,1,Red Rice
30.4,71.4,76.2,0,1,Keeri Samba
29.6,89.5,25.6,1,0,Red Rice
31.4,85.4,88.1,1,1,Nadu_BG360
33.0,69.5,45.1,0,0,Samba_BG300
26.8,62.8,44.3,1,0,Samba_BG300
26.7,65.5,30.0,1,1,Samba_BG300
26.8,92.7,61.1,1,1,Samba_BG352
29.4,85.6,13.8,1,0,Red Rice
32.6,60.5,19.3,0,0,Red Rice
28.1,94.3,24.0,0,1,Red Rice
29.9,76.6,23.9,1,0,Red Rice
25.5,93.2,80.9,0,1,Nadu_BG366
34.3,77.5,53.2,1,1,White Rice
34.4,93.0,79.4,1,1,Nadu_BG360
30.7,64.5,74.9,1,1,Nadu_BG360
33.2,82.8,26.5,0,1,Red Rice
26.0,60.6,17.6,1,0,Red Rice
31.6,73.5,64.5,1,0,Samba_BG300
27.8,64.1,65.7,1,0,Samba_BG300
25.4,74.6,87.4,1,0,Samba_BG300
32.5,88.2,89.2,1,1,Keeri Samba
32.8,71.9,84.5,1,0,Samba_BG300
31.8,85.9,29.1,1,0,Red Rice
30.1,88.9,35.6,1,0,Samba_BG300
25.5,93.5,77.8,1,1,Nadu_BG366
31.8,76.9,49.4,0,0,Samba_BG300
27.9,71.5,63.8,1,0,Samba_BG300
32.8,64.0,84.5,1,1,Nadu_BG360
25.6,85.8,53.7,1,0,Samba_BG300
26.4,86.7,59.5,0,0,Samba_BG300
29.3,67.8,41.7,1,1,Red Rice
25.8,63.0,88.9,1,0,Samba_BG300
33.8,68.3,82.6,1,1,Nadu_BG360
32.1,76.9,40.2,1,1,Red Rice
34.1,63.9,49.4,0,1,Red Rice
30.7,85.9,71.4,1,0,Samba_BG300
32.5,80.4,87.0,1,0,Samba_BG300
25.8,78.5,44.9,1,0,Samba_BG300
34.7,61.5,81.3,1,0,Samba_BG300
34.2,68.9,65.6,0,0,Samba_BG300
31.3,84.4,46.4,1,1,Red Rice
28.8,85.8,83.2,1,1,Nadu_BG366
29.6,81.7,32.2,0,1,Red Rice
28.9,68.0,31.3,1,1,Samba_BG300
34.9,84.4,52.9,1,1,Samba_BG352
31.8,65.7,82.9,1,1,Nadu_BG360
32.3,81.5,43.5,1,1,Red Rice
30.5,65.8,42.9,1,1,Red Rice
34.9,65.3,57.5,1,1,Samba_BG352
33.4,89.3,47.5,1,0,Samba_BG300
25.1,62.6,65.3,1,0,Samba_BG300
35.0,79.4,71.5,1,1,Nadu_BG360
27.5,75.8,20.3,1,0,Red Rice
27.1,90.7,70.6,0,0,Samba_BG300
26.1,83.5,51.6,1,0,Samba_BG300
28.1,88.6,87.4,0,0,Samba_BG300
29.0,64.7,12.3,1,0,Red Rice
31.4,88.2,82.3,1,1,Nadu_BG366
31.1,82.3,54.4,0,1,White Rice
30.5,75.8,82.8,0,1,Nadu_BG360
32.0,87.9,46.7,1,0,Samba_BG300
27.6,76.1,88.4,1,0,Samba_BG300
27.1,80.3,37.3,1,0,Samba_BG300
26.3,65.3,21.1,1,1,Red Rice
32.0,74.4,79.9,1,1,Nadu_BG366
31.0,67.8,75.7,1,1,Keeri Samba
25.3,79.2,52.8,1,1,White Rice
26.3,71.6,35.7,0,0,Samba_BG300
31.3,62.9,79.9,1,0,Samba_BG300
25.0,90.4,16.8,1,1,Red Rice
27.1,73.0,48.8,1,0,Samba_BG300
30.3,85.2,15.0,0,0,Red Rice
32.1,91.3,50.9,1,0,Samba_BG300
33.7,72.4,41.8,0,0,Samba_BG300
28.8,60.7,35.8,0,1,Red Rice
30.4,68.2,37.4,1,1,Samba_BG300
32.9,77.4,17.0,1,1,Red Rice
30.6,80.5,55.2,1,0,Samba_BG300
28.6,82.6,55.7,1,0,Samba_BG300
28.3,92.7,10.6,0,1,Red Rice
27.5,65.6,24.9,0,0,Red Rice
25.6,89.5,14.1,0,0,Red Rice
34.8,63.9,41.8,1,1,Red Rice
25.1,94.1,49.3,1,1,Red Rice
34.3,79.5,55.7,0,1,Samba_BG352
26.9,71.3,44.0,1,0,Samba_BG300
30.3,84.8,71.4,0,1,Nadu_BG360
34.3,71.2,57.5,1,1,White Rice
30.5,79.2,26.1,1,1,Red Rice
27.5,83.9,70.8,1,1,Nadu_BG366
29.1,72.2,84.4,1,1,Nadu_BG366
26.2,85.6,85.1,0,0,Samba_BG300
34.3,85.3,13.8,1,0,Red Rice
33.0,67.1,23.1,0,0,Red Rice
27.4,82.2,82.6,1,1,Keeri Samba
31.8,75.8,67.1,1,0,Samba_BG300
28.0,86.2,50.2,0,0,Samba_BG300
28.9,78.6,15.3,0,0,Red Rice
26.2,92.9,60.2,1,1,White Rice
32.9,81.7,52.7,1,1,Samba_BG352
26.5,70.9,29.9,1,1,Red Rice
27.0,85.0,49.5,1,1,Red Rice
33.2,63.9,77.7,0,1,Nadu_BG360
33.0,65.2,28.3,1,1,Red Rice
25.1,80.9,55.2,1,0,Samba_BG300
28.5,66.4,82.7,1,1,Nadu_BG360
29.6,93.2,22.3,1,1,Red Rice
26.0,69.0,68.1,1,1,White Rice
34.2,87.7,11.8,1,0,Red Rice
30.8,81.2,43.9,1,1,Red Rice
33.4,91.9,19.8,0,1,Red Rice
33.4,64.4,83.7,1,0,Samba_BG300
27.3,81.3,40.3,1,1,Red Rice
33.0,60.2,36.7,1,0,Samba_BG300
33.6,92.3,47.3,1,0,Samba_BG300
29.5,67.9,46.2,0,1,Red Rice
30.8,65.8,12.7,1,0,Red Rice
30.8,82.1,11.0,1,0,Red Rice
34.8,76.1,54.6,1,0,Samba_BG300
35.0,77.6,57.6,0,0,Samba_BG300
29.3,88.0,38.0,1,0,Samba_BG300
25.4,76.5,55.2,0,1,Samba_BG352
29.5,78.4,45.3,1,1,Red Rice
32.7,63.6,36.7,0,0,Samba_BG300
28.7,69.5,61.5,1,0,Samba_BG300
34.8,89.4,79.4,1,0,Samba_BG300
27.2,68.1,63.8,0,1,Samba_BG352
33.0,66.2,62.2,0,1,Samba_BG352
27.4,85.3,78.5,1,1,Keeri Samba
26.4,74.2,35.9,0,1,Red Rice
25.9,67.3,12.1,0,1,Red Rice
31.4,84.6,82.8,1,0,Samba_BG300
27.6,73.3,57.2,0,0,Samba_BG300
28.5,87.1,39.0,1,0,Samba_BG300
34.5,86.7,21.2,1,1,Red Rice
34.9,76.5,24.6,1,0,Red Rice
27.7,79.0,60.7,0,1,White Rice
33.3,94.5,52.1,0,0,Samba_BG300
31.8,88.8,52.4,1,0,Samba_BG300
27.7,79.4,62.1,1,0,Samba_BG300
26.1,64.9,31.1,0,0,Samba_BG300
31.0,81.0,63.2,0,0,Samba_BG300
33.4,74.2,71.7,1,1,Nadu_BG360
32.4,62.9,58.3,0,0,Samba_BG300
33.4,75.3,83.2,1,1,Nadu_BG360
34.5,73.9,86.3,0,1,Nadu_BG360
27.7,78.9,23.0,1,0,Red Rice
30.0,80.9,36.7,1,0,Samba_BG300
28.4,72.3,43.0,1,1,Red Rice
29.3,68.6,75.5,1,1,Nadu_BG360
27.7,80.7,38.9,0,0,Samba_BG300
34.6,87.7,65.2,1,1,White Rice
34.6,86.5,61.1,1,0,Samba_BG300
31.9,89.7,30.0,1,0,Samba_BG300
31.9,61.8,63.6,0,1,Samba_BG352
35.0,79.5,47.9,1,0,Samba_BG300
32.0,70.4,84.0,1,0,Samba_BG300
33.0,86.1,14.4,1,0,Red Rice
33.3,61.3,57.7,0,1,Samba_BG352
25.8,84.4,37.2,1,1,Samba_BG300
30.7,88.1,53.1,1,0,Samba_BG300
31.3,91.0,59.3,0,0,Samba_BG300
29.6,94.7,10.0,0,1,Red Rice
34.4,88.0,89.8,1,1,Nadu_BG360
29.0,76.8,60.2,1,0,Samba_BG300
29.0,63.2,36.9,1,0,Samba_BG300
27.4,63.9,38.4,0,1,Red Rice
32.2,80.6,32.2,1,0,Samba_BG300
29.3,73.5,64.4,0,1,Samba_BG352
32.9,63.1,43.4,1,1,Red Rice
31.0,91.6,89.1,1,1,Nadu_BG360
29.0,89.3,28.4,1,1,Red Rice
27.3,66.2,27.6,0,0,Red Rice
33.3,88.0,60.4,0,0,Samba_BG300
34.3,94.8,23.9,1,1,Red Rice
29.9,94.9,81.8,1,0,Samba_BG300
27.2,78.8,57.4,1,1,Samba_BG352
33.8,69.3,20.4,1,0,Red Rice
33.5,61.2,36.3,1,0,Samba_BG300
25.9,74.3,39.8,0,0,Samba_BG300
25.5,78.6,87.0,0,1,Keeri Samba
34.9,62.2,80.6,1,0,Samba_BG300
33.2,72.2,64.2,1,0,Samba_BG300
32.3,78.2,79.5,0,0,Samba_BG300
33.7,84.8,77.0,1,1,Nadu_BG360
32.0,66.6,80.5,1,0,Samba_BG300
25.3,88.9,20.3,1,1,Red Rice
34.1,60.0,54.5,1,1,Samba_BG352
26.9,62.9,36.1,1,1,Samba_BG300
27.6,82.2,53.2,1,1,Samba_BG352
32.6,78.9,87.0,1,1,Nadu_BG360
34.3,63.6,85.0,1,1,Nadu_BG360
26.7,87.0,66.7,1,1,White Rice
25.7,89.8,89.2,1,1,Nadu_BG360
26.3,86.5,12.0,0,1,Red Rice
28.7,88.7,30.2,0,1,Red Rice
27.7,94.9,44.1,1,0,Samba_BG300
30.3,88.9,33.9,1,0,Samba_BG300
31.8,82.9,31.9,1,1,Samba_BG300
25.3,85.6,82.8,1,1,Nadu_BG366
32.6,75.5,35.0,1,1,Samba_BG300
27.3,67.5,12.5,1,1,Red Rice
30.6,76.5,53.5,0,0,Samba_BG300
33.7,87.2,71.7,1,1,Nadu_BG360
31.3,64.6,12.6,1,0,Red Rice
26.9,76.2,10.1,1,1,Red Rice
31.9,75.1,26.0,1,0,Red Rice
31.5,71.4,57.2,1,1,Samba_BG352
26.5,76.3,64.4,1,0,Samba_BG300
31.0,70.2,65.6,1,1,Samba_BG352
25.4,76.8,18.4,0,0,Red Rice
30.7,60.6,48.6,0,0,Samba_BG300
30.6,60.3,36.1,1,0,Samba_BG300
33.8,62.9,76.0,1,0,Samba_BG300
26.3,79.9,65.2,1,1,White Rice
26.7,63.7,60.9,1,1,Samba_BG352
34.4,61.8,53.3,1,1,White Rice
32.1,88.1,37.2,1,0,Samba_BG300
31.6,79.4,57.8,1,0,Samba_BG300
31.4,78.4,68.5,0,1,White Rice
27.5,65.6,79.7,0,0,Samba_BG300
29.7,86.0,79.7,1,1,Nadu_BG360
26.6,60.7,62.3,1,1,Samba_BG352
29.9,62.9,42.3,0,1,Red Rice
25.3,69.0,47.0,1,0,Samba_BG300
29.2,89.6,60.3,1,1,White Rice
30.0,79.0,51.1,1,1,Samba_BG352
29.0,81.2,57.8,1,0,Samba_BG300
27.8,80.7,83.0,0,0,Samba_BG300
29.7,89.3,28.9,1,1,Red Rice
34.1,66.3,29.0,1,0,Red Rice
29.1,62.4,45.0,0,0,Samba_BG300
29.5,78.0,38.7,1,1,Samba_BG300
31.5,70.9,41.9,1,0,Samba_BG300
28.3,87.1,20.5,1,0,Red Rice
27.3,90.9,45.4,1,0,Samba_BG300
28.4,89.0,44.5,0,0,Samba_BG300
34.5,68.8,38.7,1,0,Samba_BG300
32.4,83.2,48.0,1,1,Red Rice
29.5,90.2,54.7,1,1,White Rice
34.9,64.3,28.5,0,0,Red Rice
26.2,75.8,84.7,1,0,Samba_BG300
30.8,84.1,41.8,1,0,Samba_BG300
25.0,93.3,61.1,1,0,Samba_BG300
27.5,78.3,37.4,1,0,Samba_BG300
25.3,70.8,66.4,0,0,Samba_BG300
26.6,66.6,68.5,0,1,Samba_BG352
34.6,68.9,62.9,1,0,Samba_BG300
31.8,77.4,59.4,1,1,Samba_BG352
25.3,92.6,65.2,1,0,Samba_BG300
34.4,88.9,63.4,1,1,White Rice
26.6,81.2,35.4,1,0,Samba_BG300
33.7,87.4,55.4,1,1,White Rice
29.0,71.4,63.4,1,1,Samba_BG352
33.0,75.2,75.4,0,1,Nadu_BG360
25.1,71.4,39.3,1,0,Samba_BG300
28.8,79.2,57.7,1,0,Samba_BG300
27.3,62.6,58.3,1,1,White Rice
29.6,73.3,79.1,1,1,Keeri Samba
33.1,63.8,21.9,1,0,Red Rice
30.3,81.3,71.2,1,1,Nadu_BG360
30.2,88.8,44.5,1,0,Samba_BG300
34.0,68.5,84.2,0,0,Samba_BG300
29.8,66.8,23.3,1,0,Red Rice
27.8,70.8,74.2,1,1,Nadu_BG366
31.1,85.1,31.8,1,0,Samba_BG300
30.2,64.3,78.8,1,0,Samba_BG300
32.1,63.7,55.4,0,1,White Rice
29.8,88.2,54.0,0,1,Samba_BG352
34.5,81.1,75.5,1,0,Samba_BG300
32.9,82.6,24.0,1,1,Red Rice
34.0,72.4,28.9,1,1,Red Rice
32.3,89.8,63.7,1,0,Samba_BG300
31.2,75.8,56.9,0,0,Samba_BG300
33.7,76.6,52.8,0,0,Samba_BG300
31.4,81.2,53.7,0,1,Samba_BG352
30.9,77.4,89.0,0,0,Samba_BG300
31.8,75.5,45.7,1,0,Samba_BG300
34.9,64.5,18.3,1,1,Red Rice
34.1,87.0,31.2,1,1,Samba_BG300
26.9,71.3,28.1,1,1,Red Rice
29.4,89.1,63.6,0,1,Samba_BG352
27.7,80.7,64.4,0,1,Samba_BG352
26.9,61.8,40.3,1,0,Samba_BG300
32.3,76.3,14.8,1,1,Red Rice
34.6,82.2,70.4,0,1,Nadu_BG360
29.2,88.8,10.1,1,1,Red Rice
33.0,92.5,28.8,1,1,Red Rice
25.2,85.8,71.5,0,1,Keeri Samba
25.9,69.0,73.0,1,0,Samba_BG300
33.3,87.4,66.7,0,0,Samba_BG300
27.3,72.0,40.5,1,0,Samba_BG300
30.5,70.7,41.8,1,1,Red Rice
33.7,65.7,72.9,1,1,Nadu_BG360
28.9,77.5,41.8,1,0,Samba_BG300
28.8,90.7,79.4,1,1,Nadu_BG360
28.0,62.8,42.2,0,1,Red Rice
27.2,93.5,55.8,1,1,Samba_BG352
29.8,71.0,58.5,0,1,White Rice
33.3,71.1,86.2,1,0,Samba_BG300
28.7,62.4,12.1,0,1,Red Rice
25.8,87.2,19.8,1,0,Red Rice
30.1,75.4,18.5,1,0,Red Rice
25.2,81.1,39.2,1,0,Samba_BG300
32.8,76.1,14.7,1,0,Red Rice
31.2,70.4,44.4,0,0,Samba_BG300
26.2,70.6,18.1,1,1,Red Rice
31.2,82.2,28.3,0,1,Red Rice
28.1,81.8,52.2,1,0,Samba_BG300
32.9,74.2,62.3,1,0,Samba_BG300
29.1,89.0,68.7,1,1,Samba_BG352
29.2,76.8,11.5,0,1,Red Rice
31.8,66.6,59.5,1,1,White Rice
31.3,67.0,15.2,0,0,Red Rice
26.1,79.2,46.4,1,0,Samba_BG300
26.5,64.5,79.2,0,1,Nadu_BG360
28.8,73.8,46.8,1,0,Samba_BG300
26.3,63.6,62.7,1,1,White Rice
25.8,69.8,84.4,0,1,Keeri Samba
33.3,77.3,40.9,1,0,Samba_BG300
31.1,62.3,51.5,0,1,White Rice
30.1,83.8,13.3,0,0,Red Rice
31.6,88.1,18.4,0,1,Red Rice
32.4,72.4,33.7,1,0,Samba_BG300
34.4,87.4,38.4,1,0,Samba_BG300
31.6,86.8,31.2,0,1,Red Rice
30.1,91.5,72.6,0,0,Samba_BG300
28.8,67.2,19.7,1,1,Red Rice
25.7,93.6,48.3,1,1,Red Rice
33.0,70.2,88.4,1,0,Samba_BG300
34.2,78.2,59.3,0,1,Samba_BG352
26.1,80.9,17.6,1,1,Red Rice
29.4,81.5,85.4,0,0,Samba_BG300
31.8,77.4,11.0,1,1,Red Rice
33.2,90.1,77.7,1,1,Nadu_BG360
32.6,76.1,77.4,1,0,Samba_BG300
26.8,61.9,35.6,1,0,Samba_BG300
34.4,61.5,23.2,0,0,Red Rice
25.9,93.8,49.1,0,1,Red Rice
32.3,79.0,57.2,1,0,Samba_BG300
26.1,65.3,17.5,1,0,Red Rice
32.6,65.6,46.9,0,0,Samba_BG300
32.4,90.9,32.2,0,1,Red Rice
33.0,67.1,54.4,1,0,Samba_BG300
31.1,84.1,40.0,1,1,Red Rice
25.1,86.6,12.8,1,1,Red Rice
32.5,86.6,64.3,1,0,Samba_BG300
28.1,90.7,89.7,1,0,Samba_BG300
31.4,87.3,27.4,0,1,Red Rice
29.1,84.3,10.3,1,1,Red Rice
26.8,73.6,42.2,1,0,Samba_BG300
31.4,62.3,56.4,1,1,White Rice
31.0,83.7,74.4,0,1,Nadu_BG360
30.0,62.7,14.7,1,1,Red Rice
34.8,67.3,76.0,1,0,Samba_BG300
26.5,71.5,44.7,0,1,Red Rice
25.6,88.0,71.3,1,1,Keeri Samba
26.7,82.3,49.7,0,0,Samba_BG300
29.1,89.4,40.7,1,1,Red Rice
27.0,79.8,88.4,0,0,Samba_BG300
25.2,89.1,31.8,1,0,Samba_BG300
32.8,62.0,78.2,0,0,Samba_BG300
33.4,66.5,74.2,1,0,Samba_BG300
32.1,82.1,14.0,1,0,Red Rice
29.4,85.5,71.2,0,1,Keeri Samba
32.5,83.0,86.5,0,1,Nadu_BG366
27.8,69.2,29.8,1,1,Red Rice
34.7,73.0,44.3,1,1,Red Rice
25.7,77.1,12.7,0,1,Red Rice
30.6,72.1,35.2,1,1,Samba_BG300
34.0,60.8,63.1,1,0,Samba_BG300
33.8,73.8,76.2,1,1,Nadu_BG360
29.9,94.3,21.6,1,0,Red Rice
30.7,76.2,87.8,1,0,Samba_BG300
26.8,60.8,67.6,1,0,Samba_BG300
33.5,79.6,51.9,0,1,White Rice
32.2,62.4,66.6,1,1,White Rice
29.6,77.0,23.3,1,1,Red Rice
27.2,63.4,79.0,1,0,Samba_BG300
30.5,62.2,51.0,1,1,Samba_BG352
25.5,87.5,26.1,0,1,Red Rice
30.4,86.5,70.3,0,1,Keeri Samba
31.6,65.7,30.4,1,1,Samba_BG300
34.8,87.0,12.2,0,1,Red Rice
28.4,69.9,41.3,1,0,Samba_BG300
31.6,88.8,40.4,1,0,Samba_BG300
27.0,66.5,17.5,1,0,Red Rice
30.8,82.2,73.8,1,1,Nadu_BG366
30.3,65.5,65.7,1,0,Samba_BG300
31.1,72.7,81.8,0,1,Keeri Samba
31.0,61.2,39.1,1,1,Samba_BG300
26.5,75.4,59.2,0,1,Samba_BG352
33.0,77.7,87.4,1,0,Samba_BG300
26.2,85.4,35.8,1,1,Samba_BG300
29.3,65.7,11.0,1,0,Red Rice
25.3,88.8,26.8,1,0,Red Rice
26.9,90.0,75.5,1,0,Samba_BG300
32.6,94.6,82.1,1,0,Samba_BG300
28.6,77.3,76.3,1,1,Keeri Samba
26.1,63.1,67.5,1,1,Samba_BG352
32.4,66.7,59.1,1,1,White Rice
32.4,88.2,77.5,0,0,Samba_BG300
26.3,83.7,36.0,1,1,Samba_BG300
31.8,65.8,62.4,1,0,Samba_BG300
27.8,82.5,65.5,1,1,Samba_BG352
27.1,61.2,34.3,1,1,Samba_BG300
34.0,68.1,74.6,0,0,Samba_BG300
27.6,91.8,63.7,1,0,Samba_BG300
28.9,73.3,28.1,1,1,Red Rice
28.8,94.2,18.9,1,0,Red Rice
29.2,61.0,87.3,0,0,Samba_BG300
27.9,91.9,70.3,1,1,Keeri Samba
34.6,85.4,34.4,1,1,Samba_BG300
31.4,75.7,27.5,0,1,Red Rice
26.0,68.5,11.0,1,0,Red Rice
33.2,62.6,28.1,1,0,Red Rice
25.5,91.6,78.2,1,1,Nadu_BG366
33.9,66.5,16.3,0,0,Red Rice
27.9,75.0,31.4,1,0,Samba_BG300
30.2,62.2,76.5,1,0,Samba_BG300
32.4,78.4,12.6,1,1,Red Rice
33.8,80.0,51.4,1,1,White Rice
29.3,87.1,58.2,1,0,Samba_BG300
26.7,93.2,45.6,1,0,Samba_BG300
27.4,77.9,18.3,1,0,Red Rice
34.7,69.2,31.7,1,0,Samba_BG300
30.1,82.2,15.7,0,0,Red Rice
25.4,81.1,82.6,0,1,Keeri Samba
29.5,76.6,59.8,1,1,Samba_BG352
29.7,80.7,53.0,1,0,Samba_BG300
27.2,61.3,18.6,1,0,Red Rice
29.4,67.6,41.7,0,0,Samba_BG300
29.0,63.0,59.4,0,0,Samba_BG300
33.8,80.1,12.4,1,1,Red Rice
34.9,64.6,32.0,1,1,Samba_BG300
32.3,90.9,63.7,0,0,Samba_BG300
28.1,88.8,86.4,1,1,Keeri Samba
31.4,61.8,30.6,0,0,Samba_BG300
33.7,69.0,63.2,1,1,White Rice
25.9,80.9,54.0,1,1,White Rice
28.2,86.2,43.0,1,1,Red Rice
28.6,80.8,10.8,1,1,Red Rice
26.2,65.4,23.7,1,0,Red Rice
34.0,62.3,52.7,0,0,Samba_BG300
31.9,78.6,45.9,0,0,Samba_BG300
25.4,64.3,54.7,1,0,Samba_BG300
33.2,62.4,41.0,1,1,Red Rice
31.7,69.6,34.5,1,1,Samba_BG300
27.3,73.4,46.0,1,0,Samba_BG300
29.3,71.2,56.6,1,0,Samba_BG300
25.3,73.8,52.1,1,1,Samba_BG352
31.5,61.6,71.0,1,0,Samba_BG300
25.3,82.6,61.0,1,0,Samba_BG300
32.9,80.9,18.1,1,1,Red Rice
28.6,67.6,89.0,1,1,Keeri Samba
26.4,77.0,12.2,1,0,Red Rice
26.4,63.5,26.7,1,0,Red Rice
26.6,60.8,70.5,1,1,Nadu_BG366
34.0,64.1,86.5,1,0,Samba_BG300
29.4,94.8,53.6,0,0,Samba_BG300
34.6,73.6,40.8,1,1,Red Rice
34.8,76.7,52.6,0,0,Samba_BG300
33.3,75.4,34.2,0,0,Samba_BG300
26.8,77.8,64.2,0,0,Samba_BG300
30.6,72.2,56.4,0,0,Samba_BG300
26.5,88.6,26.6,1,0,Red Rice
33.8,81.8,55.6,1,0,Samba_BG300
32.3,65.2,78.2,1,1,Nadu_BG360
26.3,80.8,57.9,1,0,Samba_BG300
33.7,64.6,73.2,0,0,Samba_BG300
31.8,76.3,12.8,1,0,Red Rice
29.6,94.3,48.7,1,0,Samba_BG300
28.0,77.2,51.8,1,0,Samba_BG300
28.9,77.9,49.4,1,0,Samba_BG300
33.9,76.0,45.5,1,0,Samba_BG300
30.7,93.5,26.0,0,1,Red Rice
25.0,82.4,33.9,0,0,Samba_BG300
33.8,75.7,50.8,1,0,Samba_BG300
32.3,86.7,84.3,0,0,Samba_BG300
31.9,64.7,34.0,1,1,Samba_BG300
28.3,85.7,52.3,1,0,Samba_BG300
35.0,83.7,76.3,0,0,Samba_BG300
25.4,72.0,60.6,0,0,Samba_BG300
32.5,86.9,62.7,1,1,Samba_BG352
31.1,63.1,49.0,0,1,Red Rice
31.9,60.9,34.5,1,1,Samba_BG300
33.1,93.2,15.8,1,0,Red Rice
33.7,83.9,19.0,1,1,Red Rice
32.1,61.8,15.8,1,0,Red Rice
27.1,90.2,42.1,0,1,Red Rice
29.1,91.7,35.7,1,0,Samba_BG300
30.5,67.7,12.7,0,0,Red Rice
31.5,64.3,81.1,1,1,Nadu_BG366
30.9,81.9,15.7,1,1,Red Rice
29.6,68.2,34.3,0,1,Red Rice
30.2,65.0,72.0,0,0,Samba_BG300
26.6,90.9,75.9,1,0,Samba_BG300
32.5,71.1,10.0,1,1,Red Rice
32.2,80.8,81.7,1,1,Keeri Samba
28.4,92.9,16.6,1,0,Red Rice
28.6,69.5,77.4,1,1,Nadu_BG366
33.9,75.2,82.8,1,1,Nadu_BG360
25.9,84.0,49.5,1,0,Samba_BG300
33.4,83.7,21.1,0,0,Red Rice
31.7,93.8,70.9,1,0,Samba_BG300
34.4,69.4,48.0,1,0,Samba_BG300
25.5,72.6,86.5,1,0,Samba_BG300
29.8,63.9,60.8,1,0,Samba_BG300
25.5,86.9,43.3,1,0,Samba_BG300
32.2,73.0,79.6,1,1,Keeri Samba
33.0,86.4,12.9,1,1,Red Rice
31.5,85.9,35.3,1,0,Samba_BG300
31.8,76.4,56.3,0,0,Samba_BG300
28.7,62.0,18.9,1,1,Red Rice
26.0,84.1,29.4,1,1,Red Rice
25.2,64.4,43.1,1,0,Samba_BG300
28.3,91.7,31.3,1,0,Samba_BG300
34.6,78.2,64.2,1,1,White Rice
32.7,78.2,88.1,0,0,Samba_BG300
25.8,73.4,39.4,0,0,Samba_BG300
25.2,70.3,71.9,1,1,Keeri Samba
28.7,60.0,34.0,1,0,Samba_BG300
33.8,83.6,53.8,1,0,Samba_BG300
32.8,76.0,41.8,1,0,Samba_BG300
32.1,92.8,58.3,1,1,Samba_BG352
31.7,80.4,89.2,0,1,Nadu_BG366
31.4,79.6,72.2,0,1,Nadu_BG360
26.4,81.8,72.5,1,0,Samba_BG300
34.8,78.5,82.5,0,0,Samba_BG300
27.6,72.1,83.4,0,1,Keeri Samba
33.9,84.8,15.0,0,0,Red Rice
30.0,68.1,13.6,1,1,Red Rice
30.3,68.5,50.0,1,0,Samba_BG300
31.2,92.5,70.9,1,1,Keeri Samba
29.6,79.6,79.1,1,0,Samba_BG300
25.5,89.5,88.5,1,0,Samba_BG300
28.9,83.1,18.7,1,1,Red Rice
34.9,84.9,88.5,1,0,Samba_BG300
29.6,92.2,24.1,0,1,Red Rice
34.8,66.7,73.4,1,1,Nadu_BG360
34.6,78.3,88.2,1,0,Samba_BG300
33.5,87.1,34.8,0,0,Samba_BG300
31.7,65.7,55.2,1,1,White Rice
25.1,60.3,38.6,1,1,Samba_BG300
33.0,61.6,74.6,0,0,Samba_BG300
32.3,63.3,44.3,0,0,Samba_BG300
33.9,60.0,82.1,0,0,Samba_BG300
34.2,94.8,13.6,1,0,Red Rice
31.4,63.2,12.6,0,0,Red Rice
30.8,72.5,73.0,0,1,Keeri Samba
28.6,83.0,29.2,0,0,Red Rice
34.7,61.0,77.2,1,0,Samba_BG300
25.4,66.1,79.3,0,0,Samba_BG300
29.3,85.2,55.1,1,1,White Rice
33.4,65.0,44.4,1,1,Red Rice
33.9,74.7,72.4,1,0,Samba_BG300
30.4,67.2,30.4,0,1,Red Rice
33.6,67.2,15.7,0,0,Red Rice
33.8,76.1,17.6,1,0,Red Rice
28.3,84.3,71.7,1,0,Samba_BG300
30.2,76.2,13.6,0,0,Red Rice
25.4,64.5,71.2,0,0,Samba_BG300
25.6,72.7,67.9,0,0,Samba_BG300
28.0,70.6,28.4,0,0,Red Rice
26.9,70.9,68.5,1,0,Samba_BG300
33.5,74.8,34.2,1,0,Samba_BG300
27.5,69.5,20.0,1,0,Red Rice
33.1,94.5,70.3,1,0,Samba_BG300
26.5,73.3,43.2,1,1,Red Rice
26.7,87.3,56.7,1,1,White Rice
27.7,81.1,33.7,1,0,Samba_BG300
30.6,87.3,66.7,0,0,Samba_BG300
34.3,89.0,65.8,1,0,Samba_BG300
33.0,64.3,20.0,1,0,Red Rice
27.7,88.2,25.6,1,1,Red Rice
31.7,65.5,19.5,1,1,Red Rice
30.6,93.1,49.7,1,0,Samba_BG300
30.1,73.6,82.5,0,0,Samba_BG300
33.4,60.4,66.3,1,0,Samba_BG300
26.0,79.6,50.1,1,0,Samba_BG300
34.7,61.8,50.4,1,1,White Rice
26.8,88.0,54.2,1,0,Samba_BG300
33.8,88.3,64.2,1,1,White Rice
33.2,77.6,15.7,1,0,Red Rice
30.7,89.1,82.5,0,1,Keeri Samba
30.5,70.1,34.5,1,0,Samba_BG300
34.3,75.1,80.2,1,1,Nadu_BG360
28.6,62.9,36.7,1,0,Samba_BG300
25.6,73.1,85.6,1,1,Nadu_BG360
31.3,67.0,43.5,1,1,Red Rice
34.9,71.4,85.3,1,1,Nadu_BG360
29.5,94.2,18.2,1,1,Red Rice
29.0,85.8,66.4,1,0,Samba_BG300
30.2,62.6,58.4,1,0,Samba_BG300
27.7,70.1,62.5,1,0,Samba_BG300
31.0,66.0,84.0,0,0,Samba_BG300
25.9,81.0,59.9,1,1,Samba_BG352
25.2,93.8,30.1,1,0,Samba_BG300
31.7,80.4,52.1,0,1,Samba_BG352
26.7,64.1,45.9,1,0,Samba_BG300
32.4,90.9,26.2,1,1,Red Rice
28.7,61.8,60.2,1,0,Samba_BG300
27.5,75.8,86.6,1,0,Samba_BG300
31.2,85.9,27.2,1,1,Red Rice
25.1,75.2,17.4,1,0,Red Rice
33.1,90.1,75.4,1,0,Samba_BG300
25.1,80.6,59.1,1,1,White Rice
32.1,63.2,25.9,1,1,Red Rice
34.1,61.0,38.5,0,0,Samba_BG300
27.5,62.2,46.7,1,1,Red Rice
31.0,80.8,39.8,1,1,Samba_BG300
33.1,88.8,84.6,1,1,Nadu_BG360
31.2,86.0,69.0,1,0,Samba_BG300
32.7,75.0,26.5,1,0,Red Rice
27.7,72.9,81.6,1,1,Nadu_BG360
29.5,82.1,29.9,1,1,Red Rice
30.0,78.7,21.6,1,1,Red Rice
33.2,70.2,45.5,0,1,Red Rice
30.9,74.3,47.6,0,1,Red Rice
26.1,86.8,42.8,1,0,Samba_BG300
34.2,63.9,51.3,1,1,Samba_BG352
32.5,85.2,76.1,1,1,Keeri Samba
25.1,92.4,45.5,1,0,Samba_BG300
28.6,72.4,76.3,1,0,Samba_BG300
27.2,88.3,72.9,1,0,Samba_BG300
30.1,92.9,80.1,0,0,Samba_BG300
25.8,89.0,37.9,1,0,Samba_BG300
31.8,89.3,78.7,1,0,Samba_BG300
25.1,70.4,46.7,1,1,Red Rice
31.9,68.0,19.4,0,1,Red Rice
33.6,78.6,73.2,0,1,Nadu_BG360
28.5,74.5,68.6,1,1,White Rice
31.3,80.4,19.5,0,0,Red Rice
27.5,62.0,41.3,0,0,Samba_BG300
32.5,80.0,88.9,1,0,Samba_BG300
29.3,78.9,65.7,1,0,Samba_BG300
27.0,71.5,53.7,1,0,Samba_BG300
30.3,64.0,58.5,0,0,Samba_BG300
29.4,94.3,51.0,0,1,Samba_BG352
31.8,87.1,86.1,1,1,Keeri Samba
33.6,83.6,42.6,1,0,Samba_BG300
31.9,68.9,10.8,1,1,Red Rice
32.5,76.3,79.9,0,1,Nadu_BG360
27.9,78.6,50.8,1,0,Samba_BG300
33.8,76.3,16.1,1,1,Red Rice
25.2,69.8,26.6,0,1,Red Rice
28.9,79.0,87.4,0,0,Samba_BG300
34.8,75.8,51.1,1,1,White Rice
34.4,61.5,45.7,0,1,Red Rice
28.7,62.4,39.6,1,1,Samba_BG300
25.5,72.2,84.3,1,1,Nadu_BG366
33.4,73.1,60.6,0,1,Samba_BG352
25.5,80.3,44.1,1,1,Red Rice
32.5,88.1,51.4,0,0,Samba_BG300
27.1,85.0,40.9,1,0,Samba_BG300
33.9,86.2,82.7,1,0,Samba_BG300
29.3,87.1,78.2,1,1,Nadu_BG366
28.1,74.5,67.0,1,1,Samba_BG352
26.9,81.0,78.9,1,1,Nadu_BG360
26.9,62.7,65.7,1,1,Samba_BG352
31.6,87.9,31.8,1,0,Samba_BG300
31.4,86.2,28.0,1,1,Red Rice
26.9,84.3,27.5,1,1,Red Rice
25.6,87.2,75.7,1,0,Samba_BG300
26.9,63.1,65.9,1,1,White Rice
25.3,69.1,12.7,1,0,Red Rice
33.2,82.1,78.6,1,0,Samba_BG300
34.0,91.1,36.0,1,1,Samba_BG300
31.7,63.3,69.8,1,0,Samba_BG300
25.7,63.3,89.9,1,0,Samba_BG300
33.0,83.6,10.5,1,0,Red Rice
25.4,74.4,20.4,0,0,Red Rice
33.5,74.2,11.1,0,0,Red Rice
27.3,60.5,71.1,1,1,Nadu_BG360
33.4,81.7,55.1,1,0,Samba_BG300
29.0,73.7,15.5,1,0,Red Rice
29.4,84.8,41.1,0,0,Samba_BG300
33.7,73.3,39.7,1,0,Samba_BG300
27.1,94.8,88.5,1,0,Samba_BG300
29.6,92.9,50.3,1,0,Samba_BG300
31.7,83.7,39.8,1,0,Samba_BG300
31.3,61.9,61.5,1,1,White Rice
30.5,86.2,74.8,1,1,Nadu_BG366
29.6,83.4,77.0,0,1,Nadu_BG366
32.8,81.3,66.0,1,1,White Rice
34.6,78.8,49.1,1,0,Samba_BG300
30.8,89.2,61.4,0,0,Samba_BG300
30.9,72.4,14.2,0,1,Red Rice
27.3,92.0,59.3,0,1,White Rice
31.0,77.6,88.1,1,0,Samba_BG300
32.4,70.0,74.2,1,1,Keeri Samba
34.0,81.8,87.9,1,0,Samba_BG300
32.8,64.5,37.8,1,1,Samba_BG300
33.2,89.8,85.0,0,0,Samba_BG300
32.9,74.6,23.4,1,1,Red Rice
27.7,63.5,23.4,0,0,Red Rice
34.9,65.8,19.2,0,0,Red Rice
33.0,71.4,34.0,0,1,Red Rice
33.3,72.8,38.3,1,1,Samba_BG300
27.1,88.3,21.8,1,0,Red Rice
34.9,69.5,17.9,1,0,Red Rice
30.6,88.1,21.0,1,1,Red Rice
28.0,70.9,10.3,0,0,Red Rice
25.8,76.1,34.5,1,1,Samba_BG300
27.8,72.7,25.3,1,1,Red Rice
31.7,87.2,79.0,1,0,Samba_BG300
26.3,79.7,71.2,1,1,Nadu_BG360
30.2,76.5,62.5,1,1,Samba_BG352
31.6,64.1,74.0,0,0,Samba_BG300
29.5,86.7,20.1,0,0,Red Rice
33.2,77.9,68.9,1,1,Samba_BG352
29.0,94.0,84.6,1,0,Samba_BG300
26.4,80.0,24.8,0,1,Red Rice
29.9,74.2,82.3,1,1,Nadu_BG360
30.7,65.0,40.0,1,0,Samba_BG300
33.9,71.8,68.4,1,0,Samba_BG300
26.8,83.5,27.6,0,1,Red Rice
30.2,80.6,70.1,1,1,Nadu_BG366
25.5,73.2,28.6,0,0,Red Rice
28.5,63.3,48.9,1,0,Samba_BG300
34.4,81.3,84.0,1,0,Samba_BG300
29.7,76.3,70.8,0,1,Nadu_BG366
29.3,80.9,90.0,1,0,Samba_BG300
32.1,76.6,64.0,1,1,Samba_BG352
31.5,67.9,63.6,1,1,Samba_BG352
26.2,81.9,32.3,1,0,Samba_BG300
33.4,65.6,12.0,1,0,Red Rice
28.4,76.3,71.9,1,1,Nadu_BG360
26.7,73.3,74.1,1,0,Samba_BG300
30.7,82.8,26.9,1,0,Red Rice
30.7,92.5,41.0,0,0,Samba_BG300
32.5,75.1,17.0,0,0,Red Rice
28.5,61.1,86.9,1,0,Samba_BG300
31.4,80.9,62.3,0,1,White Rice
31.2,81.0,50.5,1,0,Samba_BG300
27.8,93.7,10.8,1,0,Red Rice
28.5,75.2,73.6,0,1,Nadu_BG360
33.5,63.1,89.3,1,1,Nadu_BG360
34.3,62.2,17.4,0,1,Red Rice
27.7,71.9,45.9,1,0,Samba_BG300
27.5,76.5,63.0,1,1,White Rice
30.8,91.7,75.4,1,1,Keeri Samba
25.1,67.4,63.1,1,1,Samba_BG352
33.8,91.3,82.7,1,0,Samba_BG300
26.1,75.4,68.4,1,0,Samba_BG300
29.3,89.1,19.6,1,0,Red Rice
26.2,83.9,86.0,0,0,Samba_BG300
29.3,65.8,19.3,1,0,Red Rice
25.5,67.6,11.2,1,0,Red Rice
33.2,79.8,62.6,1,1,White Rice
28.3,60.4,76.1,1,0,Samba_BG300
26.0,62.6,38.9,0,1,Red Rice
27.1,62.4,57.6,1,1,Samba_BG352
31.6,78.6,18.3,0,0,Red Rice
32.5,79.6,29.7,1,1,Red Rice
27.6,93.9,44.5,1,0,Samba_BG300
26.2,61.0,51.9,0,0,Samba_BG300
31.1,68.9,56.2,1,0,Samba_BG300
32.5,62.7,81.7,1,1,Nadu_BG360
25.5,79.5,22.5,1,1,Red Rice
29.8,89.4,27.7,1,0,Red Rice
30.8,86.7,72.5,0,1,Nadu_BG360
25.2,83.8,16.1,1,1,Red Rice
25.3,76.6,42.6,0,1,Red Rice
31.2,71.6,84.2,1,0,Samba_BG300
29.2,64.1,59.0,1,1,Samba_BG352
25.8,72.4,54.1,1,1,White Rice
33.1,81.4,39.9,0,0,Samba_BG300
29.4,86.3,52.5,1,0,Samba_BG300
25.7,73.8,24.5,0,1,Red Rice
34.1,65.5,27.6,1,1,Red Rice
30.6,68.1,50.2,1,0,Samba_BG300
28.1,89.3,14.0,1,0,Red Rice
31.4,82.0,42.3,1,1,Red Rice
25.4,87.3,41.9,1,1,Red Rice
26.5,89.2,53.2,1,1,White Rice
28.8,92.0,30.1,1,1,Samba_BG300
30.5,69.6,82.1,0,1,Nadu_BG360
30.6,89.0,67.0,1,0,Samba_BG300
29.0,85.5,37.7,1,1,Samba_BG300
29.4,64.6,40.6,1,0,Samba_BG300
34.9,60.9,58.3,1,0,Samba_BG300
29.3,70.7,25.8,0,0,Red Rice
27.2,70.8,53.7,1,1,White Rice
26.7,74.6,70.6,1,0,Samba_BG300
31.9,71.9,74.4,0,0,Samba_BG300
31.0,65.7,28.7,0,0,Red Rice
34.5,70.7,31.2,0,1,Red Rice
34.3,74.7,14.0,0,0,Red Rice
25.1,90.0,68.5,1,0,Samba_BG300
32.9,70.7,13.2,1,0,Red Rice
30.7,60.2,15.0,1,0,Red Rice
27.7,91.6,40.0,1,1,Red Rice
25.9,74.4,23.1,0,0,Red Rice
27.3,88.6,84.4,0,1,Nadu_BG366
28.4,90.5,16.7,0,1,Red Rice
31.6,90.5,70.7,1,0,Samba_BG300
28.9,78.5,22.9,1,1,Red Rice
28.0,91.9,53.8,1,0,Samba_BG300
28.6,74.3,64.4,0,1,White Rice
28.9,84.4,25.5,1,0,Red Rice
28.4,71.8,35.0,0,0,Samba_BG300
29.1,68.4,63.8,1,0,Samba_BG300
30.5,63.7,13.6,1,0,Red Rice
28.6,83.5,31.7,0,1,Red Rice
29.4,77.7,19.4,0,0,Red Rice
31.6,80.2,79.3,0,0,Samba_BG300
32.7,75.2,45.7,1,1,Red Rice
30.6,89.8,26.1,1,0,Red Rice
27.8,64.5,18.0,1,0,Red Rice
33.2,61.4,81.2,1,0,Samba_BG300
31.5,87.3,73.3,1,1,Nadu_BG360
26.3,94.3,63.9,1,1,Samba_BG352
31.8,80.8,58.3,1,1,White Rice
29.3,69.7,71.5,0,1,Nadu_BG366
27.3,81.9,69.8,0,0,Samba_BG300
31.5,67.4,19.8,1,0,Red Rice
32.3,71.9,48.3,1,1,Red Rice
26.3,61.0,59.8,1,1,White Rice
29.8,87.2,63.8,1,1,Samba_BG352
31.3,88.2,41.8,1,0,Samba_BG300
30.8,79.7,50.0,0,1,Samba_BG352
31.0,71.9,83.4,1,1,Nadu_BG366
32.1,70.3,52.0,1,1,White Rice
32.9,83.7,64.4,1,0,Samba_BG300
27.5,86.5,16.5,1,0,Red Rice
31.3,80.8,11.3,1,1,Red Rice
34.0,89.3,20.2,0,0,Red Rice
25.9,89.1,83.5,1,0,Samba_BG300
33.9,82.6,33.1,0,0,Samba_BG300
25.0,84.9,38.5,0,1,Red Rice
25.9,88.5,81.6,1,0,Samba_BG300
30.1,63.0,53.9,1,0,Samba_BG300
34.9,67.9,41.2,1,1,Red Rice
26.0,66.2,89.0,1,0,Samba_BG300
25.9,62.3,81.3,1,0,Samba_BG300
28.3,70.7,42.2,1,1,Red Rice
30.9,84.3,39.2,1,0,Samba_BG300
30.8,84.3,66.0,1,1,Samba_BG352
30.0,85.6,59.5,0,1,Samba_BG352
27.8,75.5,59.4,1,0,Samba_BG300
27.3,79.3,51.9,0,0,Samba_BG300
30.9,78.9,16.9,0,0,Red Rice
34.8,76.6,15.3,0,1,Red Rice
33.2,61.5,49.9,1,1,Red Rice
31.0,82.9,22.3,1,1,Red Rice
30.8,85.6,39.2,1,0,Samba_BG300
35.0,84.5,71.6,1,0,Samba_BG300
34.1,60.7,35.3,0,0,Samba_BG300
33.3,70.6,87.3,1,1,Nadu_BG360
31.8,70.8,39.6,1,0,Samba_BG300
26.2,80.5,87.5,1,1,Keeri Samba
28.4,77.7,23.0,1,0,Red Rice
26.1,64.0,85.3,1,1,Keeri Samba
29.1,73.6,62.8,1,1,White Rice
25.6,88.5,85.2,1,1,Keeri Samba
26.5,76.7,58.1,1,1,Samba_BG352
28.4,64.4,41.3,0,0,Samba_BG300
31.2,84.4,27.2,0,1,Red Rice
33.7,80.2,37.6,1,1,Samba_BG300
30.3,83.7,57.4,0,1,White Rice
33.8,79.5,79.6,1,0,Samba_BG300
25.8,92.9,70.4,1,1,Nadu_BG366
25.8,76.7,60.4,1,1,White Rice
27.8,92.9,19.9,1,0,Red Rice
28.3,73.8,58.3,1,0,Samba_BG300
30.2,80.3,84.9,1,0,Samba_BG300
26.5,87.5,59.4,1,1,Samba_BG352
25.1,67.9,55.4,1,1,White Rice
25.2,64.1,20.2,0,1,Red Rice
28.8,67.6,45.4,0,1,Red Rice
29.4,67.0,31.2,1,1,Samba_BG300
30.5,88.9,60.5,1,0,Samba_BG300
25.1,68.7,79.3,0,1,Nadu_BG360
31.3,80.0,24.8,0,0,Red Rice
32.9,69.9,77.0,1,1,Nadu_BG360
31.3,60.4,21.4,1,0,Red Rice
28.9,61.8,41.8,1,0,Samba_BG300
33.8,69.5,25.5,1,0,Red Rice
25.6,62.5,55.9,1,1,Samba_BG352
30.6,93.6,13.9,0,1,Red Rice
33.2,91.6,52.0,1,1,Samba_BG352
30.9,75.9,46.1,1,0,Samba_BG300
26.3,64.3,51.5,0,0,Samba_BG300
25.6,84.2,68.3,0,1,Samba_BG352
25.9,70.0,63.8,0,1,Samba_BG352
28.3,86.8,43.1,1,1,Red Rice
28.4,66.2,17.9,1,1,Red Rice
30.5,93.7,19.2,1,0,Red Rice
26.0,66.3,73.8,1,0,Samba_BG300
26.1,71.6,72.5,1,0,Samba_BG300
28.5,87.4,89.4,0,1,Nadu_BG366
33.3,67.9,41.9,1,0,Samba_BG300
31.1,60.6,25.6,1,1,Red Rice
29.2,80.2,76.6,1,0,Samba_BG300
26.8,93.5,81.2,1,1,Nadu_BG366
29.0,78.2,89.7,0,1,Nadu_BG360
29.0,64.7,22.7,1,0,Red Rice
29.3,64.5,42.7,1,0,Samba_BG300
31.7,76.9,43.5,1,0,Samba_BG300
28.5,68.5,62.5,0,0,Samba_BG300
30.7,67.4,69.4,0,1,Samba_BG352
32.8,79.7,30.9,1,0,Samba_BG300
29.1,66.9,51.1,0,0,Samba_BG300
26.3,69.1,43.5,1,0,Samba_BG300
26.8,71.2,43.2,1,0,Samba_BG300
32.3,60.8,56.8,1,0,Samba_BG300
30.7,62.1,12.5,1,1,Red Rice
29.1,78.2,81.7,0,0,Samba_BG300
29.9,64.3,57.0,1,0,Samba_BG300
33.1,75.0,70.0,1,0,Samba_BG300
28.3,65.8,24.5,1,1,Red Rice
28.1,79.4,57.0,1,1,Samba_BG352
25.8,63.1,23.7,1,1,Red Rice
30.8,60.5,38.8,1,1,Samba_BG300
31.5,83.4,73.9,1,1,Nadu_BG360
26.5,91.0,46.7,1,1,Red Rice
33.9,88.6,11.5,1,0,Red Rice
27.9,90.8,13.9,0,0,Red Rice
26.4,60.0,82.3,0,1,Keeri Samba
31.7,68.4,70.6,1,1,Nadu_BG366
29.1,67.3,88.1,1,0,Samba_BG300
28.9,73.1,80.9,0,0,Samba_BG300
34.7,73.8,20.5,1,0,Red Rice
29.3,82.1,68.1,1,0,Samba_BG300
29.3,82.6,69.6,0,0,Samba_BG300
25.1,78.3,83.7,1,0,Samba_BG300
28.7,86.3,81.8,1,0,Samba_BG300
31.6,82.5,12.0,1,1,Red Rice
29.9,63.8,29.9,1,1,Red Rice
29.9,79.1,84.1,1,1,Nadu_BG366
27.7,91.9,17.8,1,1,Red Rice
28.3,77.5,61.7,1,0,Samba_BG300
28.1,62.2,24.2,0,0,Red Rice
34.5,71.5,63.0,1,1,Samba_BG352
34.5,71.0,78.7,0,0,Samba_BG300
31.0,62.9,61.7,1,0,Samba_BG300
26.7,61.9,67.4,1,1,Samba_BG352
28.8,65.9,76.9,1,1,Nadu_BG360
32.2,77.9,58.3,1,0,Samba_BG300
34.8,92.6,84.7,1,1,Nadu_BG360
32.1,92.3,21.4,1,1,Red Rice
26.1,74.3,80.9,0,1,Nadu_BG360
31.8,82.1,31.6,0,0,Samba_BG300
33.6,64.6,88.2,1,1,Nadu_BG360
34.1,67.8,14.5,0,1,Red Rice
28.4,78.2,45.3,1,0,Samba_BG300
26.2,74.6,15.1,1,1,Red Rice
25.7,83.2,57.6,1,0,Samba_BG300
29.1,88.6,81.6,1,1,Keeri Samba
26.4,69.7,13.7,1,0,Red Rice
28.2,80.9,89.7,1,1,Nadu_BG360
25.5,67.1,43.5,0,0,Samba_BG300
30.5,78.0,32.5,1,0,Samba_BG300
26.2,62.4,67.9,1,0,Samba_BG300
32.1,70.8,29.4,0,0,Red Rice
31.2,85.2,18.8,0,1,Red Rice
26.1,68.1,70.0,0,0,Samba_BG300
28.9,88.1,37.3,1,0,Samba_BG300
33.2,90.7,71.9,1,1,Nadu_BG360
30.3,61.3,74.6,1,0,Samba_BG300
32.5,68.7,53.1,1,1,White Rice
26.0,84.7,37.6,0,1,Red Rice
34.5,64.3,11.5,1,0,Red Rice
25.0,70.8,29.3,0,0,Red Rice
26.8,75.0,14.9,0,1,Red Rice
28.8,90.7,82.4,1,0,Samba_BG300
30.4,89.4,37.1,1,1,Samba_BG300
28.0,71.2,23.1,1,1,Red Rice
32.2,69.9,36.1,0,1,Red Rice
26.9,88.7,53.6,0,0,Samba_BG300
29.8,85.8,21.1,1,1,Red Rice
25.1,77.9,71.6,1,0,Samba_BG300
25.1,88.1,88.5,1,1,Nadu_BG360
33.8,93.3,70.4,1,1,Nadu_BG360
32.0,66.8,45.8,1,1,Red Rice
32.4,82.6,22.5,1,1,Red Rice
32.9,67.7,24.9,1,0,Red Rice
34.6,93.4,38.2,0,0,Samba_BG300
33.5,64.1,66.5,1,1,Samba_BG352
30.1,81.7,48.2,1,0,Samba_BG300
31.3,66.7,21.7,1,0,Red Rice
32.5,88.9,65.7,1,0,Samba_BG300
28.3,71.0,60.9,1,0,Samba_BG300
33.2,84.1,54.2,0,0,Samba_BG300
27.0,68.3,34.0,1,1,Samba_BG300
30.9,78.4,70.7,1,1,Nadu_BG366
29.7,76.5,40.3,1,0,Samba_BG300
28.4,83.9,12.0,1,0,Red Rice
33.5,85.4,38.8,0,0,Samba_BG300
25.8,65.2,33.8,0,0,Samba_BG300
33.5,73.9,29.6,1,1,Red Rice
34.3,65.7,87.3,0,0,Samba_BG300
27.4,75.5,32.6,0,0,Samba_BG300
27.0,65.8,83.3,1,0,Samba_BG300
33.9,64.0,10.3,1,1,Red Rice
31.0,90.8,14.0,0,0,Red Rice
27.2,90.5,17.0,1,1,Red Rice
28.4,93.7,45.6,1,1,Red Rice
34.2,79.4,33.9,1,1,Samba_BG300
28.4,75.2,77.9,1,1,Keeri Samba
31.0,71.9,53.6,0,1,White Rice
29.5,60.7,15.0,1,1,Red Rice
32.5,72.5,60.8,0,0,Samba_BG300
27.2,63.9,57.7,1,0,Samba_BG300
29.8,67.6,87.4,1,0,Samba_BG300
31.1,88.2,34.0,1,0,Samba_BG300
32.1,68.8,45.7,0,1,Red Rice
29.3,61.9,11.8,1,0,Red Rice
31.6,89.4,54.1,0,0,Samba_BG300
34.4,77.2,66.1,1,1,White Rice
28.1,92.8,51.3,1,1,White Rice
26.1,89.5,59.1,1,1,Samba_BG352
30.6,80.4,26.6,1,0,Red Rice
32.8,89.7,24.5,1,1,Red Rice
32.4,87.6,19.5,0,1,Red Rice
27.1,61.5,35.8,1,1,Samba_BG300
34.3,85.9,34.5,0,1,Red Rice
34.3,78.5,30.7,0,1,Red Rice
26.0,87.7,74.9,1,0,Samba_BG300
31.0,65.8,40.4,1,1,Red Rice
30.8,64.3,19.7,1,1,Red Rice
26.9,83.3,59.9,1,0,Samba_BG300
29.1,69.8,20.9,1,0,Red Rice
33.1,66.5,16.8,1,1,Red Rice
33.6,86.2,74.4,0,1,Nadu_BG360
33.9,73.6,33.0,1,1,Samba_BG300
25.4,76.6,36.9,1,1,Samba_BG300
25.5,81.8,15.0,1,1,Red Rice
34.7,78.1,59.1,0,1,Samba_BG352
29.3,62.6,18.5,1,1,Red Rice
26.1,68.9,76.2,1,1,Nadu_BG366
29.7,87.7,42.2,1,0,Samba_BG300
26.2,61.6,45.0,1,1,Red Rice
26.0,73.8,59.3,1,0,Samba_BG300
30.7,71.6,35.2,0,1,Red Rice
27.3,74.1,89.5,1,1,Keeri Samba
31.0,84.5,32.8,1,0,Samba_BG300
27.9,67.1,31.2,0,1,Red Rice
34.2,62.0,48.9,1,0,Samba_BG300
26.6,62.2,35.4,0,1,Red Rice
30.6,78.0,18.0,0,1,Red Rice
30.3,90.1,65.6,0,0,Samba_BG300
34.3,80.1,20.1,1,1,Red Rice
33.0,65.6,53.0,0,1,Samba_BG352
27.7,71.1,77.6,1,0,Samba_BG300
32.6,83.7,34.1,0,0,Samba_BG300
28.7,67.3,65.7,1,0,Samba_BG300
28.3,76.4,21.8,1,1,Red Rice
27.1,93.3,37.3,1,1,Samba_BG300
30.7,60.7,12.8,1,0,Red Rice
28.0,61.3,50.4,1,1,White Rice
31.2,64.2,88.2,0,0,Samba_BG300
34.4,83.7,39.1,1,1,Samba_BG300
31.3,67.5,60.2,1,0,Samba_BG300
27.0,87.9,69.1,0,0,Samba_BG300
27.4,67.1,86.4,1,1,Keeri Samba
29.1,68.4,60.3,1,0,Samba_BG300
26.8,93.2,27.5,1,0,Red Rice
30.9,77.1,20.7,0,1,Red Rice
27.3,62.0,34.0,1,0,Samba_BG300
31.6,64.1,86.3,1,1,Nadu_BG366
31.7,60.6,37.1,1,1,Samba_BG300
32.0,74.4,50.4,0,1,White Rice
31.6,61.3,39.5,1,0,Samba_BG300
30.1,90.0,47.4,1,0,Samba_BG300
33.0,90.3,46.6,1,1,Red Rice
29.8,86.5,65.1,1,1,Samba_BG352
29.3,63.9,12.4,1,1,Red Rice
27.0,88.9,54.6,0,1,White Rice
30.1,70.2,47.6,1,1,Red Rice
31.2,66.1,51.1,1,0,Samba_BG300
29.7,68.0,23.3,1,1,Red Rice
33.2,60.2,46.5,1,0,Samba_BG300
33.9,76.1,66.8,1,0,Samba_BG300
30.2,64.4,86.9,1,1,Keeri Samba
25.8,61.6,11.6,0,1,Red Rice
31.1,75.0,12.2,1,0,Red Rice
26.1,81.3,55.5,1,1,White Rice
27.5,77.8,82.7,1,0,Samba_BG300
31.2,92.4,87.0,1,1,Nadu_BG366
27.8,93.6,21.4,1,1,Red Rice
34.5,88.8,66.7,1,1,Samba_BG352
28.9,75.7,68.4,1,0,Samba_BG300
27.6,71.1,17.0,1,0,Red Rice
32.1,73.8,30.7,1,0,Samba_BG300
25.1,88.4,85.9,0,0,Samba_BG300
31.1,93.0,73.1,0,1,Nadu_BG360
31.9,86.2,27.1,1,1,Red Rice
30.4,78.7,42.5,0,1,Red Rice
26.3,62.0,77.6,0,1,Nadu_BG360
26.0,70.3,17.2,1,1,Red Rice
28.7,87.0,23.6,1,0,Red Rice
25.3,68.4,12.6,1,0,Red Rice
30.8,72.0,74.8,0,0,Samba_BG300
32.5,68.3,21.5,0,0,Red Rice
30.1,75.6,87.4,1,1,Nadu_BG360
26.4,79.9,79.4,1,1,Nadu_BG366
28.7,63.2,46.6,1,0,Samba_BG300
32.2,64.4,58.0,1,1,White Rice
31.9,89.3,35.8,1,1,Samba_BG300
30.3,84.1,31.9,1,1,Samba_BG300
26.1,88.8,21.1,1,0,Red Rice
29.9,71.2,25.4,1,1,Red Rice
30.1,87.3,51.8,1,0,Samba_BG300
27.4,83.8,67.3,1,0,Samba_BG300
30.0,60.3,49.4,1,0,Samba_BG300
27.1,89.5,12.4,1,1,Red Rice
28.1,92.8,64.2,0,0,Samba_BG300
27.0,72.2,59.6,1,1,White Rice
27.9,68.4,27.1,1,1,Red Rice
25.1,77.8,21.1,1,1,Red Rice
34.5,88.0,29.3,0,1,Red Rice
28.6,69.4,44.6,0,1,Red Rice
33.4,72.6,65.0,1,0,Samba_BG300
31.4,94.8,72.2,0,1,Nadu_BG360
33.7,75.5,21.0,1,1,Red Rice
29.5,85.4,65.4,1,0,Samba_BG300
26.0,79.9,52.5,1,0,Samba_BG300
32.5,79.9,32.0,1,0,Samba_BG300
30.2,85.3,23.9,1,1,Red Rice
30.2,61.8,28.6,1,1,Red Rice
34.3,64.4,62.2,0,1,Samba_BG352
30.5,70.4,46.4,0,0,Samba_BG300
26.1,87.2,74.6,1,0,Samba_BG300
29.4,61.4,50.0,1,0,Samba_BG300
29.6,78.5,12.8,1,0,Red Rice
33.7,77.5,33.7,0,0,Samba_BG300
31.9,87.8,23.1,0,0,Red Rice
29.9,78.3,63.4,0,0,Samba_BG300
31.5,90.4,76.3,1,0,Samba_BG300
28.2,81.8,27.6,1,0,Red Rice
27.6,73.5,85.4,1,0,Samba_BG300
29.5,77.7,55.8,1,1,Samba_BG352
26.7,75.3,47.1,1,0,Samba_BG300
34.3,60.9,65.7,1,0,Samba_BG300
29.1,72.2,11.7,0,0,Red Rice
31.5,82.7,20.3,1,0,Red Rice
32.7,86.3,57.1,0,1,White Rice
25.6,80.7,76.0,1,1,Nadu_BG366
34.3,82.4,34.9,1,0,Samba_BG300
28.4,92.0,88.5,1,1,Keeri Samba
32.5,84.5,34.6,0,0,Samba_BG300
26.3,82.9,13.2,1,1,Red Rice
32.2,94.0,88.6,1,1,Nadu_BG366
32.4,77.5,55.8,0,0,Samba_BG300
33.8,68.5,54.0,0,0,Samba_BG300
27.5,82.1,12.0,1,1,Red Rice
33.4,75.3,37.4,1,0,Samba_BG300
31.8,86.4,68.2,1,0,Samba_BG300
26.8,62.0,57.0,1,1,White Rice
25.5,80.0,75.6,1,0,Samba_BG300
27.8,94.8,87.3,1,0,Samba_BG300
31.3,80.3,69.3,1,0,Samba_BG300
31.9,69.9,65.5,1,0,Samba_BG300
33.6,93.7,60.3,0,1,Samba_BG352
33.1,80.3,59.5,1,1,White Rice
33.3,62.0,69.8,1,1,White Rice
31.4,71.0,86.6,0,1,Keeri Samba
26.7,84.9,24.1,0,1,Red Rice
25.5,76.9,11.2,1,1,Red Rice
30.0,91.9,21.7,1,1,Red Rice
34.0,80.1,38.1,1,1,Samba_BG300
28.1,75.7,42.4,1,1,Red Rice
34.8,91.7,14.4,1,0,Red Rice
34.2,69.3,81.7,0,0,Samba_BG300
27.1,81.5,27.8,1,0,Red Rice
34.5,83.7,34.1,0,1,Red Rice
33.2,71.7,56.0,1,0,Samba_BG300
33.0,64.9,20.4,1,1,Red Rice
33.4,79.1,16.9,0,1,Red Rice
28.5,83.0,53.0,1,1,White Rice
31.3,69.3,13.1,1,1,Red Rice
30.1,64.9,44.0,1,1,Red Rice
31.9,83.6,88.4,1,0,Samba_BG300
26.3,91.0,32.0,0,0,Samba_BG300
34.1,73.4,60.5,1,0,Samba_BG300
25.8,80.1,17.9,1,0,Red Rice
26.7,90.6,69.0,0,1,White Rice
27.7,91.9,60.7,1,0,Samba_BG300
28.2,87.7,64.4,0,1,Samba_BG352
26.0,91.4,84.8,1,1,Nadu_BG366
26.7,61.6,56.4,1,1,White Rice
25.1,88.2,16.1,1,0,Red Rice
34.7,92.1,50.2,1,1,Samba_BG352
34.8,93.8,23.1,0,1,Red Rice
27.1,87.4,26.3,0,0,Red Rice
28.4,94.3,60.4,1,0,Samba_BG300
34.1,64.8,14.3,0,1,Red Rice
25.6,64.2,56.5,1,1,Samba_BG352
33.4,75.6,66.7,1,0,Samba_BG300
28.6,86.3,50.0,0,1,Samba_BG352
28.0,61.2,60.8,1,1,Samba_BG352
28.9,91.2,75.1,1,0,Samba_BG300
31.3,74.6,21.5,0,1,Red Rice
31.4,69.7,46.0,1,0,Samba_BG300
28.2,77.7,23.0,1,1,Red Rice
32.2,83.3,37.5,0,0,Samba_BG300
25.1,60.7,56.9,1,1,White Rice
25.1,74.8,67.4,1,0,Samba_BG300
27.7,94.4,40.6,0,1,Red Rice
27.4,82.0,76.4,1,1,Nadu_BG360
33.7,83.4,45.8,1,1,Red Rice
25.6,91.9,66.2,1,1,Samba_BG352
26.3,70.2,79.5,1,1,Nadu_BG366
30.9,77.2,25.4,1,0,Red Rice
27.5,89.1,47.1,1,1,Red Rice
31.3,79.0,20.4,1,1,Red Rice
34.3,76.1,24.5,1,0,Red Rice
26.6,74.2,84.1,1,1,Nadu_BG360
30.2,62.9,88.8,1,1,Keeri Samba
32.1,75.0,34.5,1,0,Samba_BG300
27.5,85.1,72.1,1,0,Samba_BG300
29.1,63.5,50.7,0,1,White Rice
27.2,78.7,89.7,1,0,Samba_BG300
27.4,69.8,42.9,0,0,Samba_BG300
28.7,63.6,66.2,0,1,Samba_BG352
35.0,90.0,42.6,1,1,Red Rice
32.9,81.6,13.6,1,1,Red Rice
34.0,81.8,20.7,0,0,Red Rice
34.5,74.2,71.7,1,0,Samba_BG300
31.7,84.1,37.3,0,0,Samba_BG300
32.9,67.0,74.4,1,0,Samba_BG300
34.4,66.4,55.4,1,0,Samba_BG300
30.8,82.6,11.4,1,0,Red Rice
30.0,69.0,66.1,0,1,Samba_BG352
31.0,72.0,86.3,1,1,Nadu_BG360
33.2,83.4,20.0,1,1,Red Rice
29.9,65.2,61.9,0,0,Samba_BG300
27.1,81.3,16.7,1,1,Red Rice
25.7,81.9,30.3,1,0,Samba_BG300
31.2,92.7,26.5,1,0,Red Rice
26.3,79.1,53.7,0,1,Samba_BG352
33.5,90.0,17.9,0,1,Red Rice
25.8,75.7,18.2,0,1,Red Rice
31.2,72.5,73.1,0,0,Samba_BG300
27.7,71.2,71.1,1,1,Nadu_BG360
29.2,61.6,33.1,1,1,Samba_BG300
32.0,86.6,18.5,1,0,Red Rice
26.9,76.6,38.9,1,0,Samba_BG300
28.9,89.7,49.4,1,0,Samba_BG300
28.4,61.9,54.3,1,1,Samba_BG352
32.3,92.1,82.7,1,1,Keeri Samba
26.1,68.4,85.9,1,1,Keeri Samba
29.6,70.7,12.8,1,1,Red Rice
27.9,62.9,33.9,1,0,Samba_BG300
28.8,69.0,29.5,1,1,Red Rice
32.3,62.7,63.1,0,1,White Rice
27.9,85.3,85.6,1,0,Samba_BG300
25.5,89.8,25.9,1,1,Red Rice
33.2,75.0,25.1,0,1,Red Rice
26.8,77.3,16.6,0,0,Red Rice
30.8,85.7,35.7,0,1,Red Rice
27.7,84.6,62.7,1,1,White Rice
31.7,61.8,19.1,0,0,Red Rice
33.4,90.3,58.2,1,0,Samba_BG300
26.5,70.0,40.1,1,1,Red Rice
26.9,71.0,59.6,1,1,White Rice
26.1,89.7,52.6,1,1,Samba_BG352
32.4,64.1,70.5,0,1,Nadu_BG366
29.0,94.8,24.0,1,0,Red Rice
25.5,62.2,25.0,0,0,Red Rice
32.5,94.8,63.3,1,1,White Rice
25.2,85.5,81.1,0,1,Keeri Samba
27.0,79.8,62.0,1,1,Samba_BG352
27.8,72.9,22.8,1,1,Red Rice
30.6,66.0,25.8,1,0,Red Rice
30.1,77.5,18.8,1,1,Red Rice
33.0,87.6,33.8,0,1,Red Rice
25.9,63.5,25.9,1,0,Red Rice
31.9,65.5,29.5,1,0,Red Rice
34.6,81.4,10.1,1,0,Red Rice
31.5,63.2,85.8,0,1,Nadu_BG366
29.0,61.8,49.7,0,1,Red Rice
27.4,92.6,18.4,0,1,Red Rice
28.7,73.1,22.1,1,0,Red Rice
29.1,88.3,40.3,0,0,Samba_BG300
26.2,94.5,72.5,1,0,Samba_BG300
29.9,60.1,50.1,1,1,White Rice
26.6,72.4,43.6,1,0,Samba_BG300
34.2,63.3,53.5,1,1,Samba_BG352
31.1,65.8,73.8,1,1,Keeri Samba
29.6,66.1,37.0,0,0,Samba_BG300
28.9,61.3,83.4,1,1,Keeri Samba
33.8,76.6,51.6,0,1,Samba_BG352
34.0,61.8,79.1,1,1,Nadu_BG360
34.4,83.5,63.2,1,1,White Rice
34.6,87.1,59.8,1,1,White Rice
30.4,88.1,50.7,0,1,Samba_BG352
29.4,65.0,18.2,1,1,Red Rice
29.5,65.0,41.2,1,0,Samba_BG300
34.9,84.4,33.5,1,1,Samba_BG300
32.2,70.9,72.6,1,0,Samba_BG300
31.3,65.7,55.2,1,1,White Rice
28.6,81.0,77.9,1,1,Nadu_BG366
27.7,69.7,84.7,1,0,Samba_BG300
28.1,63.0,64.8,1,0,Samba_BG300
30.5,72.6,16.5,0,0,Red Rice
28.2,83.9,79.7,0,0,Samba_BG300
32.2,78.8,50.7,0,0,Samba_BG300
26.3,74.5,71.0,1,1,Nadu_BG360
31.5,82.8,76.0,1,1,Nadu_BG360
27.7,94.3,57.7,1,0,Samba_BG300
26.8,60.4,21.9,1,1,Red Rice
34.7,78.9,46.7,1,0,Samba_BG300
27.1,89.7,82.5,1,0,Samba_BG300
29.6,80.4,38.5,0,0,Samba_BG300
25.6,92.1,59.2,0,1,White Rice
31.8,78.4,67.4,1,0,Samba_BG300
34.7,91.1,58.0,1,0,Samba_BG300
31.5,91.2,68.6,1,1,Samba_BG352
27.7,89.2,44.1,1,1,Red Rice
32.5,84.3,89.3,0,1,Nadu_BG360
28.3,75.4,78.6,1,0,Samba_BG300
33.0,80.4,86.8,1,1,Nadu_BG366
29.1,70.5,69.8,0,1,White Rice
26.9,64.4,34.9,1,1,Samba_BG300
34.2,86.7,50.4,1,0,Samba_BG300
26.4,71.8,56.9,0,0,Samba_BG300
34.5,86.8,31.5,1,1,Samba_BG300
32.3,68.8,49.3,0,1,Red Rice
30.6,79.3,19.2,0,1,Red Rice
32.1,85.0,30.2,1,1,Samba_BG300
31.0,78.9,87.5,1,0,Samba_BG300
27.9,81.1,14.0,0,1,Red Rice
28.2,91.7,25.3,1,0,Red Rice
27.3,84.0,88.6,1,1,Keeri Samba
34.5,77.0,66.2,1,0,Samba_BG300
25.7,92.7,71.3,1,1,Nadu_BG360
31.5,93.9,67.1,1,0,Samba_BG300
31.2,78.9,70.0,1,0,Samba_BG300
29.8,81.8,10.8,0,1,Red Rice
27.7,77.2,76.9,0,0,Samba_BG300
31.0,70.5,42.9,0,1,Red Rice
29.4,91.2,42.9,0,1,Red Rice
32.8,67.0,16.4,1,0,Red Rice
25.4,83.0,32.9,1,0,Samba_BG300
33.5,83.9,14.2,1,1,Red Rice
25.3,63.2,78.4,1,0,Samba_BG300
32.3,94.3,22.5,0,0,Red Rice
